MONTHS_AS_CUSTOMER,AGE,POLICY_STATE,POLICY_CSL,POLICY_DEDUCTIBLE,POLICY_ANNUAL_PREMIUM,UMBRELLA_LIMIT,INSURED_SEX,INSURED_EDUCATION_LEVEL,INSURED_OCCUPATION,INSURED_RELATIONSHIP,POLICY_TENURE_MONTHS,POLICY_BIND_YEAR,INCIDENT_TYPE,COLLISION_TYPE,INCIDENT_SEVERITY,AUTHORITIES_CONTACTED,INCIDENT_STATE,INCIDENT_CITY,INCIDENT_HOUR_OF_THE_DAY,NUMBER_OF_VEHICLES_INVOLVED,PROPERTY_DAMAGE,BODILY_INJURIES,WITNESSES,POLICE_REPORT_AVAILABLE,CAPITAL_GAINS,CAPITAL_LOSS,TOTAL_CLAIM_AMOUNT,INJURY_CLAIM,PROPERTY_CLAIM,VEHICLE_CLAIM,CLAIM_TO_PREMIUM_RATIO,AUTO_MAKE,AUTO_MODEL,AUTO_YEAR,VEHICLE_AGE,INCIDENT_YEAR,INCIDENT_MONTH,SEVERITY_SCORE,FRAUD_FLAG
328,48,OH,250/500,1000,1406.91,0,MALE,MD,craft-repair,husband,3,2014,Single Vehicle Collision,Side Collision,Major Damage,Police,SC,Columbus,5,1,YES,1,2,YES,53300,0,71610,6510,13020,52080,50.90,Saab,92x,2004,11,2015,1,3,1
228,42,IN,250/500,2000,1197.22,5000000,MALE,MD,machine-op-inspct,other-relative,103,2006,Vehicle Theft,,Minor Damage,Police,VA,Riverwood,8,1,,0,0,,0,0,5070,780,780,3510,4.23,Mercedes,E400,2007,8,2015,1,1,1
134,29,OH,100/300,2000,1413.14,5000000,FEMALE,PhD,sales,own-child,173,2000,Multi-vehicle Collision,Rear Collision,Minor Damage,Police,NY,Columbus,7,3,NO,2,3,NO,35100,0,34650,7700,3850,23100,24.52,Dodge,RAM,2007,8,2015,2,1,0
256,41,IL,250/500,2000,1415.74,6000000,FEMALE,PhD,armed-forces,unmarried,296,1990,Single Vehicle Collision,Front Collision,Major Damage,Police,OH,Arlington,5,1,,1,2,NO,48900,-62400,63400,6340,6340,50720,44.78,Chevrolet,Tahoe,2014,1,2015,1,3,1
228,44,IL,500/1000,1000,1583.91,6000000,MALE,Associate,sales,unmarried,8,2014,Vehicle Theft,,Minor Damage,None,NY,Arlington,20,1,NO,0,1,NO,66000,-46000,6500,1300,650,4550,4.10,Accura,RSX,2009,6,2015,2,1,0
256,39,OH,250/500,1000,1351.10,0,FEMALE,PhD,tech-support,unmarried,99,2006,Multi-vehicle Collision,Rear Collision,Major Damage,Fire,SC,Arlington,19,3,NO,0,2,NO,0,0,64100,6410,6410,51280,47.44,Saab,95,2003,12,2015,1,3,1
137,34,IN,250/500,1000,1333.35,0,MALE,PhD,prof-specialty,husband,175,2000,Multi-vehicle Collision,Front Collision,Minor Damage,Police,NY,Springfield,0,3,,0,0,,0,-77000,78650,21450,7150,50050,58.99,Nissan,Pathfinder,2012,3,2015,1,1,0
165,37,IL,100/300,1000,1137.03,0,MALE,Associate,tech-support,unmarried,300,1990,Multi-vehicle Collision,Front Collision,Total Loss,Police,VA,Columbus,23,3,,2,2,YES,0,0,51590,9380,9380,32830,45.37,Audi,A5,2015,0,2015,2,4,0
27,33,IL,100/300,500,1442.99,0,FEMALE,PhD,other-service,own-child,215,1997,Single Vehicle Collision,Front Collision,Total Loss,Police,WV,Arlington,21,1,NO,1,1,YES,0,0,27700,2770,2770,22160,19.20,Toyota,Camry,2012,3,2015,1,4,0
212,42,IL,100/300,500,1315.68,0,MALE,PhD,priv-house-serv,wife,42,2011,Single Vehicle Collision,Rear Collision,Total Loss,Other,NC,Hillsdale,14,1,NO,2,1,,0,-39300,42300,4700,4700,32900,32.15,Saab,92x,1996,19,2015,1,4,0
235,42,OH,100/300,500,1253.12,4000000,FEMALE,Masters,exec-managerial,other-relative,152,2002,Single Vehicle Collision,Front Collision,Total Loss,Police,NY,Northbend,22,1,YES,2,2,,38400,0,87010,7910,15820,63280,69.43,Ford,F150,2002,13,2015,1,4,0
447,61,OH,100/300,2000,1137.16,0,FEMALE,High School,exec-managerial,other-relative,189,1999,Multi-vehicle Collision,Front Collision,Major Damage,Fire,SC,Springfield,21,3,YES,1,2,YES,0,-51000,114920,17680,17680,79560,101.06,Audi,A3,2006,9,2015,2,3,0
60,23,OH,500/1000,500,1215.36,3000000,MALE,MD,protective-serv,wife,206,1997,Single Vehicle Collision,Rear Collision,Total Loss,Ambulance,SC,Northbend,9,1,YES,1,0,NO,0,0,56520,4710,9420,42390,46.50,Saab,95,2000,15,2015,1,4,0
121,34,OH,100/300,1000,936.61,0,FEMALE,MD,armed-forces,wife,27,2012,Parked Car,,Minor Damage,None,SC,Springfield,5,1,NO,1,1,NO,52800,-32800,7280,1120,1120,5040,7.77,Toyota,Highlander,2010,5,2015,1,1,0
180,38,OH,250/500,2000,1301.13,0,FEMALE,College,machine-op-inspct,not-in-family,193,1998,Single Vehicle Collision,Rear Collision,Total Loss,Police,SC,Springfield,12,1,NO,0,2,YES,41300,-55500,46200,4200,8400,33600,35.51,Dodge,Neon,2003,12,2015,1,4,1
473,58,IN,100/300,2000,1131.40,0,FEMALE,MD,transport-moving,other-relative,267,1992,Multi-vehicle Collision,Side Collision,Major Damage,Other,WV,Hillsdale,12,4,YES,0,0,NO,55700,0,63120,10520,10520,42080,55.79,Accura,MDX,1999,16,2015,1,3,1
70,26,OH,500/1000,1000,1199.44,5000000,MALE,College,machine-op-inspct,own-child,116,2005,Multi-vehicle Collision,Rear Collision,Major Damage,Other,NY,Riverwood,0,3,,1,2,YES,63600,0,52110,5790,5790,40530,43.45,Nissan,Maxima,2012,3,2015,2,3,0
140,31,IN,500/1000,500,708.64,6000000,MALE,High School,machine-op-inspct,unmarried,122,2004,Single Vehicle Collision,Side Collision,Total Loss,Police,WV,Northbend,9,1,NO,0,2,YES,53500,0,77880,14160,7080,56640,109.90,Suburu,Legacy,2015,0,2015,1,4,0
160,37,OH,500/1000,500,1374.22,0,FEMALE,MD,craft-repair,other-relative,1,2014,Single Vehicle Collision,Side Collision,Total Loss,Other,NY,Northbrook,19,1,YES,1,0,NO,45500,-37800,72930,6630,13260,53040,53.07,Accura,TL,2015,0,2015,1,4,0
196,39,IN,500/1000,2000,1475.73,0,FEMALE,High School,handlers-cleaners,own-child,270,1992,Multi-vehicle Collision,Side Collision,Major Damage,Police,VA,Columbus,8,3,,2,0,NO,57000,-27300,60400,6040,6040,48320,40.93,Nissan,Pathfinder,2014,1,2015,2,3,0
460,62,IN,250/500,1000,1187.96,4000000,MALE,JD,other-service,own-child,151,2002,Multi-vehicle Collision,Rear Collision,Minor Damage,Police,NY,Columbus,20,3,NO,1,0,,0,0,47160,0,5240,41920,39.70,Suburu,Impreza,2011,4,2015,1,1,0
217,41,IL,500/1000,2000,875.15,0,FEMALE,Associate,machine-op-inspct,own-child,111,2005,Multi-vehicle Collision,Side Collision,Total Loss,Police,SC,Arlington,15,3,,1,2,,46700,0,37840,0,4730,33110,43.24,Accura,RSX,1996,19,2015,2,4,0
370,55,IL,100/300,2000,972.18,0,MALE,High School,prof-specialty,other-relative,248,1994,Multi-vehicle Collision,Rear Collision,Major Damage,Ambulance,SC,Hillsdale,20,3,NO,0,0,YES,72700,-68200,71520,17880,5960,47680,73.57,Suburu,Forrestor,2000,15,2015,1,3,1
413,55,IN,100/300,2000,1268.79,0,MALE,MD,priv-house-serv,own-child,287,1991,Single Vehicle Collision,Front Collision,Total Loss,Ambulance,WV,Northbend,15,1,,2,2,,0,-31000,98160,8180,16360,73620,77.37,Dodge,RAM,2011,4,2015,1,4,1
237,40,IN,100/300,1000,883.31,0,MALE,College,craft-repair,husband,228,1996,Single Vehicle Collision,Rear Collision,Minor Damage,Other,VA,Riverwood,6,1,NO,1,3,NO,0,-53500,77880,7080,14160,56640,88.17,Ford,Escape,2005,10,2015,2,1,0
8,35,OH,100/300,2000,1266.92,0,MALE,Masters,sales,own-child,13,2013,Multi-vehicle Collision,Rear Collision,Major Damage,Other,OH,Arlington,16,3,NO,1,3,YES,0,0,71500,16500,11000,44000,56.44,Ford,Escape,2006,9,2015,1,3,1
257,43,IN,100/300,2000,1322.10,0,MALE,High School,prof-specialty,own-child,292,1990,Parked Car,,Minor Damage,Police,PA,Arlington,4,1,YES,1,3,YES,0,-29200,9020,1640,820,6560,6.82,Toyota,Camry,2005,10,2015,1,1,0
202,34,IN,100/300,500,848.07,3000000,MALE,JD,exec-managerial,not-in-family,150,2002,Vehicle Theft,,Minor Damage,None,VA,Northbrook,5,1,YES,2,1,,31000,-30200,5720,1040,520,4160,6.74,Suburu,Forrestor,2003,12,2015,1,1,1
224,40,OH,100/300,2000,1291.70,0,FEMALE,JD,sales,not-in-family,299,1990,Single Vehicle Collision,Side Collision,Minor Damage,Other,SC,Northbend,21,1,NO,1,0,YES,0,-55600,69840,7760,15520,46560,54.07,Dodge,Neon,2009,6,2015,1,1,0
241,45,IL,500/1000,2000,1104.50,0,FEMALE,PhD,machine-op-inspct,unmarried,11,2014,Single Vehicle Collision,Rear Collision,Minor Damage,Police,SC,Northbrook,5,1,NO,2,2,NO,0,0,91650,14100,14100,63450,82.98,Accura,TL,2011,4,2015,2,1,0
64,25,IL,250/500,1000,954.16,0,MALE,Masters,prof-specialty,husband,179,2000,Multi-vehicle Collision,Side Collision,Major Damage,Ambulance,SC,Columbus,22,4,NO,0,0,,53200,0,75600,12600,12600,50400,79.23,Toyota,Corolla,2005,10,2015,1,3,0
166,37,IL,100/300,2000,1337.28,8000000,MALE,JD,craft-repair,husband,80,2008,Multi-vehicle Collision,Side Collision,Major Damage,Police,WV,Riverwood,10,3,NO,2,2,,27500,0,67140,7460,7460,52220,50.21,Ford,F150,2006,9,2015,2,3,1
155,35,IL,500/1000,1000,1088.34,0,FEMALE,Associate,adm-clerical,other-relative,138,2003,Multi-vehicle Collision,Front Collision,Total Loss,Police,NY,Arlington,16,3,YES,2,3,NO,81100,0,29790,3310,3310,23170,27.37,BMW,3 Series,2008,7,2015,2,4,0
114,30,IL,100/300,1000,1558.29,0,MALE,High School,farming-fishing,wife,273,1992,Multi-vehicle Collision,Front Collision,Major Damage,Ambulance,NY,Hillsdale,1,3,NO,1,2,,51400,-64000,77110,14020,14020,49070,49.48,Suburu,Impreza,2015,0,2015,1,3,0
149,37,IL,500/1000,500,1415.68,0,MALE,PhD,prof-specialty,own-child,289,1991,Single Vehicle Collision,Side Collision,Total Loss,Fire,WV,Hillsdale,17,1,YES,0,1,YES,0,0,64800,10800,5400,48600,45.77,Audi,A3,1999,16,2015,2,4,0
147,33,OH,100/300,1000,1334.15,6000000,MALE,High School,craft-repair,not-in-family,53,2010,Single Vehicle Collision,Front Collision,Major Damage,Other,WV,Springfield,15,1,YES,2,0,YES,53300,-49200,53100,10620,5310,37170,39.80,Mercedes,C300,1995,20,2015,1,3,1
62,28,IL,100/300,1000,988.45,0,FEMALE,Masters,protective-serv,unmarried,142,2003,Single Vehicle Collision,Rear Collision,Total Loss,Police,NY,Northbrook,3,1,,1,1,YES,0,0,60200,6020,6020,48160,60.90,Suburu,Forrestor,2004,11,2015,1,4,1
289,49,IL,500/1000,2000,1222.48,0,FEMALE,JD,priv-house-serv,unmarried,263,1993,Parked Car,,Minor Damage,None,WV,Arlington,16,1,NO,1,1,YES,0,0,5330,1230,820,3280,4.36,Suburu,Legacy,2001,14,2015,1,1,0
431,54,IN,500/1000,2000,1155.55,0,FEMALE,MD,craft-repair,unmarried,146,2002,Multi-vehicle Collision,Rear Collision,Major Damage,Police,NY,Hillsdale,4,3,,2,0,,65700,0,62300,12460,6230,43610,53.91,Jeep,Wrangler,2007,8,2015,1,3,0
199,37,IN,250/500,500,1262.08,0,MALE,JD,tech-support,wife,210,1997,Single Vehicle Collision,Front Collision,Major Damage,Ambulance,NC,Columbus,4,1,,0,3,NO,48500,0,60170,10940,10940,38290,47.68,Nissan,Pathfinder,2011,4,2015,1,3,1
79,26,IL,100/300,500,1451.62,0,MALE,Associate,tech-support,not-in-family,236,1995,Single Vehicle Collision,Rear Collision,Minor Damage,Ambulance,WV,Columbus,19,1,NO,2,2,,0,-55700,40000,8000,4000,28000,27.56,BMW,M5,2010,5,2015,1,1,0
116,34,IN,250/500,500,1737.66,0,MALE,Associate,transport-moving,unmarried,29,2012,Single Vehicle Collision,Side Collision,Major Damage,Police,WV,Northbrook,1,1,,1,1,,0,-24100,97080,16180,16180,64720,55.87,BMW,X5,2001,14,2015,1,3,1
37,23,IL,500/1000,500,1475.93,0,FEMALE,College,prof-specialty,husband,105,2006,Multi-vehicle Collision,Side Collision,Minor Damage,Other,SC,Springfield,17,3,YES,1,0,NO,0,-67400,51660,5740,5740,40180,35.00,Dodge,RAM,2010,5,2015,1,1,0
106,30,OH,250/500,500,538.17,0,FEMALE,PhD,transport-moving,own-child,142,2003,Single Vehicle Collision,Rear Collision,Total Loss,Other,NC,Arlington,23,1,NO,2,2,NO,49700,-60200,51120,5680,5680,39760,94.99,Mercedes,E400,2005,10,2015,2,4,0
269,44,IL,100/300,2000,1081.08,0,MALE,JD,priv-house-serv,unmarried,86,2007,Single Vehicle Collision,Front Collision,Minor Damage,Other,SC,Springfield,14,1,YES,0,2,,36400,-28700,56400,11280,11280,33840,52.17,Toyota,Highlander,2014,1,2015,2,1,0
265,40,IL,250/500,1000,1454.43,0,FEMALE,MD,protective-serv,husband,102,2006,Multi-vehicle Collision,Rear Collision,Total Loss,Other,NY,Arlington,17,3,NO,2,3,,0,0,55120,6890,0,48230,37.90,Accura,MDX,2002,13,2015,2,4,0
163,33,IN,100/300,500,1240.47,0,FEMALE,Associate,other-service,husband,301,1990,Multi-vehicle Collision,Rear Collision,Total Loss,Fire,NC,Northbend,11,3,YES,1,1,,35300,0,77110,0,14020,63090,62.16,Honda,Civic,2014,1,2015,2,4,0
355,47,OH,500/1000,2000,1273.70,4000000,MALE,College,other-service,husband,298,1990,Multi-vehicle Collision,Front Collision,Major Damage,Fire,WV,Arlington,19,3,NO,2,1,NO,0,0,62800,6280,6280,50240,49.31,Audi,A3,2003,12,2015,1,3,1
175,34,IN,500/1000,1000,1123.87,8000000,FEMALE,PhD,protective-serv,other-relative,85,2008,Vehicle Theft,,Trivial Damage,Police,NY,Arlington,5,1,,2,0,YES,0,0,7290,810,810,5670,6.49,Volkswagen,Passat,1995,20,2015,2,2,0
192,35,IL,100/300,1000,1245.89,0,FEMALE,Masters,exec-managerial,wife,214,1997,Single Vehicle Collision,Rear Collision,Total Loss,Other,WV,Springfield,19,1,NO,0,0,,0,-40300,76600,15320,7660,53620,61.48,Mercedes,C300,2000,15,2015,1,4,0
430,59,OH,250/500,2000,1326.62,7000000,MALE,MD,other-service,own-child,132,2004,Multi-vehicle Collision,Front Collision,Minor Damage,Fire,NY,Riverwood,19,3,,0,3,YES,0,0,81800,16360,8180,57260,61.66,Nissan,Pathfinder,1998,17,2015,1,1,0
91,27,IL,100/300,2000,1073.83,0,FEMALE,JD,farming-fishing,husband,245,1994,Vehicle Theft,,Trivial Damage,None,NY,Arlington,4,1,,1,2,,0,0,7260,1320,660,5280,6.76,BMW,M5,2008,7,2015,1,2,0
217,39,IN,100/300,1000,1530.52,0,MALE,College,armed-forces,not-in-family,152,2002,Vehicle Theft,,Minor Damage,None,WV,Northbend,8,1,,2,1,YES,0,0,4300,430,430,3440,2.81,Toyota,Corolla,2000,15,2015,2,1,0
223,40,IN,100/300,500,1201.41,0,FEMALE,JD,priv-house-serv,husband,249,1994,Multi-vehicle Collision,Side Collision,Major Damage,Police,NC,Columbus,7,3,YES,1,0,,88400,-46500,70510,12820,12820,44870,58.69,Suburu,Forrestor,1999,16,2015,1,3,0
195,39,OH,250/500,1000,1393.57,0,MALE,PhD,machine-op-inspct,not-in-family,6,2014,Parked Car,,Minor Damage,Police,VA,Northbend,5,1,NO,0,1,YES,47600,-39600,2640,480,480,1680,1.89,Ford,F150,2009,6,2015,2,1,0
22,26,OH,100/300,1000,1276.57,0,MALE,PhD,craft-repair,not-in-family,89,2007,Single Vehicle Collision,Rear Collision,Minor Damage,Fire,NY,Arlington,3,1,YES,1,2,NO,71500,0,78900,15780,7890,55230,61.81,Chevrolet,Silverado,1995,20,2015,1,1,0
439,56,IN,250/500,500,1082.49,0,FEMALE,PhD,prof-specialty,unmarried,75,2008,Multi-vehicle Collision,Front Collision,Major Damage,Fire,SC,Columbus,12,3,,2,3,,36100,-55000,56430,0,6270,50160,52.13,Honda,CRV,2014,1,2015,2,3,0
94,32,IN,500/1000,1000,1414.74,0,FEMALE,Masters,adm-clerical,own-child,232,1995,Parked Car,,Minor Damage,None,VA,Riverwood,19,1,NO,1,3,NO,0,0,2400,300,300,1800,1.70,Chevrolet,Silverado,2014,1,2015,2,1,0
11,39,IL,250/500,2000,1470.06,0,MALE,PhD,other-service,husband,260,1993,Single Vehicle Collision,Front Collision,Total Loss,Ambulance,WV,Riverwood,22,1,YES,0,1,NO,56600,-45800,65790,7310,7310,51170,44.75,Saab,93,2007,8,2015,1,4,0
151,36,OH,250/500,2000,870.63,0,FEMALE,MD,adm-clerical,own-child,119,2005,Multi-vehicle Collision,Side Collision,Minor Damage,Police,VA,Hillsdale,12,3,NO,1,1,NO,94800,-58500,62920,11440,5720,45760,72.27,Ford,Escape,2000,15,2015,1,1,0
154,34,IN,100/300,500,795.23,0,MALE,PhD,machine-op-inspct,other-relative,299,1990,Multi-vehicle Collision,Rear Collision,Major Damage,Police,NY,Springfield,15,3,YES,2,1,,36900,0,69480,15440,0,54040,87.37,Nissan,Maxima,2014,1,2015,1,3,1
245,44,IL,500/1000,1000,1168.20,0,MALE,JD,handlers-cleaners,husband,257,1993,Multi-vehicle Collision,Side Collision,Total Loss,Other,OH,Springfield,23,3,NO,0,3,NO,69100,0,44280,7380,3690,33210,37.90,Honda,Accord,1997,18,2015,2,4,0
119,32,IL,500/1000,1000,993.51,0,MALE,High School,armed-forces,unmarried,7,2014,Single Vehicle Collision,Side Collision,Minor Damage,Other,WV,Hillsdale,12,1,NO,0,3,YES,0,-49500,56300,5630,11260,39410,56.67,BMW,M5,2011,4,2015,1,1,0
215,42,OH,500/1000,500,1848.81,0,MALE,JD,transport-moving,own-child,76,2008,Multi-vehicle Collision,Front Collision,Major Damage,Fire,WV,Northbend,20,3,YES,2,2,YES,0,-49000,68520,11420,5710,51390,37.06,Suburu,Legacy,2003,12,2015,2,3,1
295,42,OH,250/500,2000,1641.73,5000000,MALE,PhD,sales,not-in-family,93,2007,Multi-vehicle Collision,Rear Collision,Total Loss,Fire,VA,Riverwood,16,3,NO,0,0,NO,62400,0,59130,6570,6570,45990,36.02,Ford,Escape,2006,9,2015,1,4,1
254,39,IN,100/300,500,1362.87,0,FEMALE,MD,exec-managerial,other-relative,254,1993,Multi-vehicle Collision,Front Collision,Minor Damage,Ambulance,NY,Arlington,6,3,YES,2,2,NO,35700,0,82320,13720,6860,61740,60.40,Dodge,Neon,1995,20,2015,2,1,1
107,31,IN,250/500,500,1239.22,7000000,FEMALE,High School,tech-support,not-in-family,41,2011,Single Vehicle Collision,Side Collision,Minor Damage,Fire,SC,Springfield,12,1,YES,0,1,NO,43400,-91200,89700,13800,13800,62100,72.38,Audi,A5,2009,6,2015,1,1,1
478,64,OH,250/500,500,835.02,0,FEMALE,Associate,adm-clerical,unmarried,294,1990,Multi-vehicle Collision,Side Collision,Minor Damage,Fire,WV,Hillsdale,17,3,NO,1,1,NO,59600,0,33930,0,3770,30160,40.63,BMW,X6,1998,17,2015,2,1,0
128,30,OH,100/300,1000,1061.33,0,MALE,MD,machine-op-inspct,own-child,251,1994,Single Vehicle Collision,Front Collision,Major Damage,Ambulance,WV,Northbrook,8,1,NO,0,3,NO,43300,-66200,68530,12460,6230,49840,64.57,Audi,A5,1997,18,2015,1,3,0
338,49,IN,500/1000,1000,1279.08,0,MALE,MD,other-service,own-child,252,1994,Parked Car,,Minor Damage,None,NC,Riverwood,13,1,NO,0,1,,0,-51500,4300,860,860,2580,3.36,Ford,F150,2004,11,2015,2,1,0
271,42,OH,100/300,500,1105.49,0,FEMALE,Associate,prof-specialty,own-child,42,2011,Multi-vehicle Collision,Side Collision,Major Damage,Other,SC,Hillsdale,12,2,,2,3,,56200,-50000,68310,12420,6210,49680,61.79,Audi,A3,2003,12,2015,2,3,1
222,41,OH,100/300,2000,1055.53,0,FEMALE,MD,armed-forces,not-in-family,195,1998,Single Vehicle Collision,Front Collision,Total Loss,Other,WV,Northbrook,7,1,NO,0,2,NO,37800,-50300,61290,6810,6810,47670,58.07,Honda,Civic,1995,20,2015,2,4,1
199,41,OH,250/500,1000,895.83,0,FEMALE,Associate,sales,husband,230,1995,Single Vehicle Collision,Rear Collision,Minor Damage,Ambulance,NC,Arlington,10,1,NO,1,2,NO,0,0,30100,3010,0,27090,33.60,Chevrolet,Malibu,1999,16,2015,2,1,0
215,37,IN,100/300,500,1632.93,0,FEMALE,College,transport-moving,not-in-family,146,2002,Multi-vehicle Collision,Rear Collision,Minor Damage,Fire,SC,Riverwood,7,3,NO,2,0,YES,0,-42900,57120,9520,4760,42840,34.98,Mercedes,C300,2002,13,2015,2,1,0
192,40,IL,100/300,1000,1405.99,0,FEMALE,Associate,sales,wife,131,2004,Multi-vehicle Collision,Side Collision,Minor Damage,Ambulance,VA,Springfield,18,3,YES,1,0,YES,0,0,42930,9540,4770,28620,30.53,BMW,X6,2005,10,2015,3,1,0
120,35,OH,100/300,1000,1425.54,0,FEMALE,High School,transport-moving,other-relative,167,2001,Multi-vehicle Collision,Front Collision,Total Loss,Ambulance,SC,Riverwood,22,3,NO,2,0,NO,78300,0,51210,11380,5690,34140,35.92,Ford,Fusion,2010,5,2015,1,4,0
270,45,OH,500/1000,1000,1038.09,0,FEMALE,College,handlers-cleaners,husband,60,2010,Multi-vehicle Collision,Front Collision,Minor Damage,Fire,NY,Springfield,18,3,NO,1,1,YES,0,-19700,89400,14900,7450,67050,86.12,Suburu,Legacy,1998,17,2015,1,1,0
319,47,IN,250/500,500,1307.11,0,MALE,College,transport-moving,not-in-family,274,1992,Multi-vehicle Collision,Front Collision,Total Loss,Police,WV,Northbrook,22,3,NO,0,2,,0,0,59730,10860,10860,38010,45.70,Audi,A3,2005,10,2015,2,4,0
194,39,OH,500/1000,1000,1489.24,6000000,FEMALE,JD,other-service,wife,56,2010,Vehicle Theft,,Minor Damage,None,SC,Springfield,15,1,YES,2,2,YES,0,-45000,8060,1240,1240,5580,5.41,Saab,95,2004,11,2015,1,1,0
227,38,OH,500/1000,500,976.67,0,FEMALE,PhD,handlers-cleaners,unmarried,15,2013,Single Vehicle Collision,Rear Collision,Major Damage,Fire,SC,Northbrook,16,1,,1,2,,0,0,72200,14440,7220,50540,73.92,BMW,M5,2013,2,2015,1,3,1
137,31,OH,250/500,2000,1340.43,0,MALE,High School,exec-managerial,husband,244,1994,Multi-vehicle Collision,Side Collision,Minor Damage,Ambulance,NC,Arlington,6,3,NO,1,2,NO,52700,-40600,50800,10160,10160,30480,37.90,Accura,MDX,2005,10,2015,2,1,0
244,40,OH,500/1000,2000,1267.81,5000000,FEMALE,Masters,exec-managerial,wife,210,1997,Vehicle Theft,,Trivial Damage,None,NC,Northbrook,10,1,,2,1,,0,0,6600,660,1320,4620,5.21,Accura,TL,2005,10,2015,1,2,0
78,29,IL,250/500,1000,1234.20,6000000,MALE,Masters,other-service,other-relative,47,2011,Vehicle Theft,,Minor Damage,Police,NY,Northbrook,3,1,YES,2,2,NO,0,0,7500,750,1500,5250,6.08,Nissan,Maxima,2002,13,2015,1,1,0
200,35,IN,250/500,2000,1318.06,0,MALE,High School,exec-managerial,wife,245,1994,Vehicle Theft,,Trivial Damage,None,VA,Hillsdale,13,1,NO,0,3,YES,57300,-80600,6490,1180,1180,4130,4.92,Volkswagen,Jetta,2002,13,2015,1,2,0
284,48,IN,500/1000,2000,769.95,0,MALE,Masters,prof-specialty,not-in-family,212,1997,Multi-vehicle Collision,Side Collision,Major Damage,Ambulance,NY,Hillsdale,16,2,,2,3,NO,0,-44200,60940,5540,11080,44320,79.15,Audi,A3,2013,2,2015,1,3,1
275,41,OH,100/300,2000,1514.72,0,MALE,High School,transport-moving,own-child,220,1996,Multi-vehicle Collision,Front Collision,Major Damage,Fire,NY,Northbrook,13,3,YES,0,1,,35700,0,58300,5830,11660,40810,38.49,Suburu,Legacy,2007,8,2015,2,3,0
153,34,IL,500/1000,1000,873.64,4000000,FEMALE,Associate,priv-house-serv,husband,106,2006,Multi-vehicle Collision,Front Collision,Minor Damage,Other,SC,Columbus,9,3,NO,2,1,,800,0,68400,11400,11400,45600,78.29,Ford,F150,2007,8,2015,1,1,0
134,32,IL,500/1000,500,1612.43,0,FEMALE,MD,other-service,own-child,288,1991,Single Vehicle Collision,Side Collision,Total Loss,Fire,VA,Springfield,2,1,,2,1,YES,36400,0,64240,11680,11680,40880,39.84,BMW,3 Series,2015,0,2015,1,4,0
31,36,IL,500/1000,2000,1318.24,9000000,FEMALE,College,prof-specialty,not-in-family,185,1999,Parked Car,,Trivial Damage,None,WV,Arlington,9,1,NO,0,1,YES,0,-78600,4700,940,470,3290,3.57,Dodge,Neon,2002,13,2015,1,2,0
41,25,IN,100/300,1000,1226.83,0,FEMALE,College,exec-managerial,not-in-family,276,1992,Multi-vehicle Collision,Side Collision,Major Damage,Other,SC,Columbus,12,3,YES,2,0,,0,-56100,45120,0,5640,39480,36.78,Accura,MDX,2011,4,2015,1,3,1
127,29,OH,250/500,2000,1326.44,5000000,FEMALE,High School,sales,own-child,182,1999,Multi-vehicle Collision,Front Collision,Total Loss,Fire,SC,Arlington,12,2,YES,1,1,,0,0,66950,10300,10300,46350,50.47,Saab,93,1995,20,2015,2,4,0
61,23,IL,250/500,2000,1136.83,4000000,FEMALE,Associate,tech-support,own-child,260,1993,Single Vehicle Collision,Side Collision,Major Damage,Police,NY,Columbus,14,1,NO,0,3,,0,-62400,98340,8940,17880,71520,86.50,Honda,Accord,2004,11,2015,2,3,1
207,42,IL,250/500,2000,1322.78,0,MALE,PhD,farming-fishing,own-child,172,2000,Parked Car,,Trivial Damage,None,WV,Springfield,9,1,NO,0,1,NO,55200,0,5900,590,590,4720,4.46,BMW,X5,2007,8,2015,2,2,0
219,43,IN,100/300,1000,1483.25,0,FEMALE,MD,exec-managerial,not-in-family,50,2010,Multi-vehicle Collision,Front Collision,Major Damage,Ambulance,NC,Riverwood,3,3,NO,1,1,,90700,-20800,70680,5890,11780,53010,47.65,Ford,Fusion,2009,6,2015,2,3,0
271,42,IL,100/300,500,1515.30,0,FEMALE,High School,machine-op-inspct,not-in-family,298,1990,Multi-vehicle Collision,Rear Collision,Total Loss,Ambulance,SC,Northbend,21,3,NO,1,0,NO,0,0,93720,17040,8520,68160,61.85,Mercedes,ML350,2005,10,2015,1,4,0
80,25,IL,100/300,2000,1075.18,5000000,FEMALE,PhD,armed-forces,husband,35,2012,Vehicle Theft,,Minor Damage,None,OH,Northbrook,5,1,NO,2,0,YES,67700,-58400,6930,1260,630,5040,6.45,Toyota,Highlander,2001,14,2015,2,1,0
325,47,IN,500/1000,1000,1690.27,0,FEMALE,Associate,protective-serv,not-in-family,107,2006,Single Vehicle Collision,Side Collision,Major Damage,Fire,VA,Springfield,11,1,YES,0,3,NO,61500,0,72930,6630,6630,59670,43.15,Dodge,RAM,2006,9,2015,1,3,1
29,25,IL,250/500,2000,1352.83,0,MALE,Masters,farming-fishing,own-child,2,2014,Multi-vehicle Collision,Rear Collision,Minor Damage,Other,SC,Hillsdale,4,4,YES,1,2,YES,0,-71700,64890,7210,7210,50470,47.97,Nissan,Pathfinder,2013,2,2015,1,1,1
295,48,OH,250/500,1000,1148.73,0,FEMALE,College,machine-op-inspct,wife,68,2009,Parked Car,,Trivial Damage,None,WV,Columbus,6,1,,1,2,YES,0,0,5400,900,900,3600,4.70,Saab,95,1999,16,2015,2,2,0
239,42,IL,100/300,1000,969.50,0,MALE,College,exec-managerial,not-in-family,184,1999,Vehicle Theft,,Trivial Damage,None,NC,Northbrook,10,1,NO,0,0,,0,0,5600,700,700,4200,5.78,Audi,A3,2007,8,2015,1,2,0
269,41,IN,100/300,500,1463.82,0,FEMALE,College,protective-serv,not-in-family,291,1990,Single Vehicle Collision,Rear Collision,Minor Damage,Police,SC,Northbend,23,1,YES,0,0,,0,-72300,79300,15860,15860,47580,54.17,Saab,92x,2007,8,2015,1,1,0
80,27,IL,100/300,1000,1474.17,0,FEMALE,College,tech-support,unmarried,222,1996,Single Vehicle Collision,Side Collision,Major Damage,Police,WV,Northbend,13,1,YES,1,0,YES,0,0,52800,10560,5280,36960,35.82,Saab,95,2004,11,2015,2,3,0
279,41,IL,250/500,500,1497.35,0,FEMALE,JD,prof-specialty,husband,163,2001,Multi-vehicle Collision,Front Collision,Minor Damage,Fire,NC,Northbrook,16,3,,2,3,NO,37300,-31700,28800,0,3600,25200,19.23,Ford,Fusion,2013,2,2015,1,1,0
165,33,OH,100/300,1000,1427.14,0,FEMALE,Associate,tech-support,other-relative,95,2007,Parked Car,,Minor Damage,Police,WV,Northbend,3,1,NO,1,1,NO,35300,-58100,2970,330,330,2310,2.08,Toyota,Highlander,2008,7,2015,2,1,0
350,54,OH,500/1000,500,1495.10,0,MALE,College,other-service,wife,16,2013,Multi-vehicle Collision,Side Collision,Total Loss,Police,SC,Northbend,15,3,NO,0,0,,50500,0,93480,15580,7790,70110,62.52,Chevrolet,Malibu,2014,1,2015,2,4,0
295,49,IL,100/300,500,1141.62,0,MALE,College,prof-specialty,husband,271,1992,Vehicle Theft,,Minor Damage,None,WV,Columbus,4,1,YES,1,3,YES,34300,-24300,4320,480,480,3360,3.78,Mercedes,E400,2002,13,2015,1,1,0
464,61,OH,500/1000,1000,1125.37,0,FEMALE,Associate,prof-specialty,husband,291,1990,Multi-vehicle Collision,Rear Collision,Major Damage,Police,VA,Northbend,6,3,,0,2,YES,0,-56400,79800,6650,19950,53200,70.91,Saab,95,2000,15,2015,1,3,1
118,28,IN,500/1000,2000,1207.36,0,FEMALE,High School,handlers-cleaners,own-child,279,1991,Multi-vehicle Collision,Front Collision,Major Damage,Ambulance,WV,Columbus,22,2,NO,1,0,,0,-57000,74200,7420,14840,51940,61.46,Volkswagen,Passat,1997,18,2015,3,3,0
298,47,IL,500/1000,2000,1338.50,0,FEMALE,PhD,machine-op-inspct,other-relative,195,1998,Single Vehicle Collision,Front Collision,Major Damage,Fire,NY,Northbrook,1,1,,0,0,,28800,0,70590,10860,10860,48870,52.74,Saab,93,2000,15,2015,2,3,1
87,31,IN,500/1000,1000,1074.07,0,FEMALE,Masters,sales,husband,67,2009,Multi-vehicle Collision,Rear Collision,Major Damage,Fire,NY,Springfield,16,3,NO,0,3,YES,0,-47500,60940,5540,11080,44320,56.74,Nissan,Ultima,2006,9,2015,1,3,1
261,42,OH,250/500,500,1337.56,0,FEMALE,College,prof-specialty,unmarried,72,2009,Single Vehicle Collision,Rear Collision,Minor Damage,Police,SC,Riverwood,18,1,,1,2,YES,0,0,74700,7470,14940,52290,55.85,Dodge,RAM,2010,5,2015,1,1,0
453,60,IN,100/300,500,1298.91,6000000,MALE,PhD,craft-repair,unmarried,142,2003,Single Vehicle Collision,Front Collision,Major Damage,Fire,NC,Springfield,0,1,YES,0,0,,52600,-38800,70000,14000,7000,49000,53.89,Ford,F150,2015,0,2015,1,3,1
210,41,IL,500/1000,500,1222.75,0,MALE,High School,exec-managerial,other-relative,26,2012,Multi-vehicle Collision,Rear Collision,Total Loss,Other,WV,Columbus,12,3,,2,0,NO,0,-41000,81070,14740,14740,51590,66.30,BMW,X5,2001,14,2015,1,4,0
168,32,IN,100/300,1000,1059.52,0,MALE,MD,protective-serv,own-child,178,2000,Multi-vehicle Collision,Side Collision,Major Damage,Other,VA,Hillsdale,13,2,,1,1,,0,-40600,57720,14430,9620,33670,54.48,Saab,93,2007,8,2015,3,3,0
390,51,OH,250/500,2000,1124.38,0,MALE,Associate,armed-forces,other-relative,185,1999,Vehicle Theft,,Minor Damage,None,VA,Northbrook,9,1,YES,1,1,YES,0,0,7080,1180,1180,4720,6.30,Ford,F150,2001,14,2015,2,1,0
258,46,IN,100/300,1000,1110.37,10000000,MALE,MD,machine-op-inspct,other-relative,190,1999,Multi-vehicle Collision,Side Collision,Total Loss,Other,NY,Riverwood,14,3,NO,0,1,,34400,-56800,47700,4770,9540,33390,42.96,Accura,MDX,1997,18,2015,1,4,1
107,31,IL,500/1000,2000,1374.22,0,FEMALE,PhD,machine-op-inspct,other-relative,288,1991,Single Vehicle Collision,Rear Collision,Minor Damage,Police,SC,Hillsdale,16,1,NO,0,3,NO,62000,-63100,51260,9320,9320,32620,37.30,Suburu,Legacy,2002,13,2015,2,1,0
225,41,OH,500/1000,2000,1103.58,0,MALE,High School,exec-managerial,unmarried,257,1993,Multi-vehicle Collision,Side Collision,Major Damage,Police,NY,Northbend,20,3,,2,2,NO,41200,-36200,70400,6400,12800,51200,63.79,Toyota,Highlander,2011,4,2015,1,3,1
164,38,IL,250/500,2000,1269.76,0,FEMALE,PhD,transport-moving,not-in-family,207,1997,Single Vehicle Collision,Rear Collision,Minor Damage,Fire,NY,Hillsdale,4,1,NO,1,3,YES,44300,0,90000,18000,9000,63000,70.88,Ford,Fusion,2015,0,2015,1,1,0
245,39,OH,250/500,500,964.79,8000000,FEMALE,Associate,adm-clerical,husband,166,2001,Multi-vehicle Collision,Rear Collision,Minor Damage,Police,NY,Arlington,7,3,,0,1,,58000,0,72820,13240,6620,52960,75.48,BMW,3 Series,2010,5,2015,2,1,0
255,41,IL,500/1000,2000,1167.30,4000000,MALE,High School,priv-house-serv,other-relative,25,2013,Single Vehicle Collision,Side Collision,Minor Damage,Fire,SC,Hillsdale,22,1,NO,2,0,,0,0,69300,13860,13860,41580,59.37,Volkswagen,Passat,2000,15,2015,2,1,0
206,36,IL,500/1000,500,1625.45,4000000,FEMALE,MD,other-service,other-relative,66,2009,Single Vehicle Collision,Front Collision,Major Damage,Ambulance,NY,Northbrook,11,1,NO,2,1,NO,0,-53700,76560,12760,12760,51040,47.10,Ford,Fusion,2008,7,2015,1,3,1
203,38,IL,250/500,500,1394.43,0,FEMALE,Masters,other-service,not-in-family,203,1998,Single Vehicle Collision,Front Collision,Major Damage,Ambulance,VA,Columbus,7,1,,0,1,YES,0,0,55440,0,6160,49280,39.76,Nissan,Maxima,1999,16,2015,1,3,1
22,25,OH,250/500,2000,1053.24,0,FEMALE,College,prof-specialty,other-relative,82,2008,Multi-vehicle Collision,Front Collision,Total Loss,Other,NC,Arlington,0,4,YES,1,0,NO,51100,0,77130,8570,17140,51420,73.23,Accura,MDX,1995,20,2015,1,4,0
211,35,IL,100/300,500,1040.75,0,FEMALE,JD,prof-specialty,not-in-family,222,1996,Single Vehicle Collision,Rear Collision,Total Loss,Ambulance,WV,Northbend,1,1,YES,1,1,,0,0,42000,7000,7000,28000,40.36,BMW,X5,2011,4,2015,2,4,0
206,39,IN,250/500,1000,1302.40,6000000,MALE,JD,craft-repair,unmarried,7,2014,Multi-vehicle Collision,Rear Collision,Total Loss,Ambulance,NY,Hillsdale,12,3,NO,2,3,YES,47200,-69700,36300,3300,9900,23100,27.87,Ford,Escape,2013,2,2015,2,4,0
166,38,IL,100/300,2000,1588.55,0,MALE,MD,protective-serv,unmarried,266,1992,Single Vehicle Collision,Side Collision,Total Loss,Other,WV,Columbus,8,1,NO,0,0,,59600,-32100,40320,5760,5760,28800,25.38,Suburu,Impreza,2001,14,2015,1,4,0
165,32,IN,500/1000,500,1399.26,0,FEMALE,High School,tech-support,own-child,32,2012,Parked Car,,Minor Damage,Police,PA,Northbrook,9,1,,2,0,,70500,0,3960,330,660,2970,2.83,BMW,M5,1998,17,2015,2,1,0
274,43,OH,100/300,2000,1352.31,0,MALE,College,farming-fishing,wife,165,2001,Single Vehicle Collision,Front Collision,Major Damage,Fire,NY,Northbend,22,1,YES,0,3,YES,40700,-47300,63840,10640,10640,42560,47.21,BMW,X5,2006,9,2015,2,3,1
81,28,IL,250/500,1000,1139.00,6000000,FEMALE,Masters,sales,husband,40,2011,Multi-vehicle Collision,Front Collision,Major Damage,Fire,SC,Northbend,0,3,,1,2,,42400,0,44730,4970,4970,34790,39.27,Saab,92x,2000,15,2015,1,3,1
280,45,IN,250/500,1000,1397.67,0,MALE,JD,machine-op-inspct,wife,42,2011,Multi-vehicle Collision,Front Collision,Minor Damage,Other,NY,Arlington,0,3,YES,1,2,NO,57900,0,84720,14120,14120,56480,60.62,Ford,Escape,1999,16,2015,1,1,0
194,39,IN,250/500,500,823.17,0,MALE,Masters,adm-clerical,own-child,115,2005,Multi-vehicle Collision,Front Collision,Major Damage,Other,WV,Columbus,3,3,,2,2,NO,0,0,61500,6150,12300,43050,74.71,Dodge,RAM,2012,3,2015,2,3,0
112,27,OH,100/300,500,965.13,0,FEMALE,Masters,tech-support,unmarried,112,2005,Multi-vehicle Collision,Front Collision,Major Damage,Ambulance,NC,Arlington,21,3,,0,1,,60000,-54800,51000,8500,8500,34000,52.84,Nissan,Pathfinder,2013,2,2015,2,3,0
24,33,IL,500/1000,1000,1922.84,0,FEMALE,High School,machine-op-inspct,wife,228,1996,Single Vehicle Collision,Side Collision,Total Loss,Police,WV,Northbend,0,1,,2,1,NO,0,-45200,46800,4680,9360,32760,24.34,Jeep,Wrangler,2002,13,2015,1,4,0
93,32,OH,250/500,2000,1624.82,0,MALE,PhD,exec-managerial,unmarried,113,2005,Single Vehicle Collision,Side Collision,Minor Damage,Ambulance,WV,Northbend,16,1,,1,1,,65300,-65600,78120,17360,8680,52080,48.08,BMW,3 Series,2006,9,2015,2,1,0
171,34,IN,250/500,2000,1277.25,0,FEMALE,College,exec-managerial,other-relative,215,1997,Single Vehicle Collision,Rear Collision,Major Damage,Police,NY,Springfield,14,1,NO,1,2,,84900,0,69200,13840,6920,48440,54.18,Volkswagen,Passat,1996,19,2015,1,3,1
200,40,IL,100/300,1000,1439.34,0,FEMALE,High School,sales,other-relative,56,2010,Vehicle Theft,,Minor Damage,Police,VA,Riverwood,9,1,,0,0,NO,45300,-20400,3690,410,410,2870,2.56,Ford,Escape,2015,0,2015,1,1,0
120,28,IL,250/500,1000,1281.27,0,FEMALE,PhD,tech-support,not-in-family,71,2009,Multi-vehicle Collision,Rear Collision,Minor Damage,Fire,SC,Springfield,9,3,NO,0,3,,68900,0,65500,6550,6550,52400,51.12,BMW,X5,2010,5,2015,1,1,0
325,46,IL,500/1000,500,1348.83,0,FEMALE,High School,prof-specialty,wife,19,2013,Multi-vehicle Collision,Rear Collision,Minor Damage,Fire,NC,Springfield,21,3,,1,2,YES,46300,-77500,76120,13840,6920,55360,56.43,Toyota,Camry,1999,16,2015,2,1,0
124,32,IL,250/500,1000,1198.15,0,FEMALE,MD,other-service,not-in-family,272,1992,Multi-vehicle Collision,Front Collision,Total Loss,Other,VA,Springfield,19,3,NO,0,2,YES,0,-43200,73560,12260,12260,49040,61.39,BMW,X5,1995,20,2015,2,4,0
211,35,OH,100/300,2000,1221.22,0,MALE,Masters,machine-op-inspct,other-relative,202,1998,Single Vehicle Collision,Rear Collision,Total Loss,Police,NY,Northbend,2,1,YES,0,1,,76000,0,52030,9460,4730,37840,42.60,Mercedes,E400,2008,7,2015,1,4,0
287,41,IL,500/1000,2000,968.74,0,MALE,Masters,transport-moving,wife,130,2004,Vehicle Theft,,Trivial Damage,None,SC,Northbrook,9,1,,2,3,,0,-49000,5170,470,940,3760,5.34,Suburu,Forrestor,2001,14,2015,1,2,0
122,34,IN,250/500,1000,1220.71,0,MALE,PhD,machine-op-inspct,own-child,104,2006,Parked Car,,Minor Damage,None,SC,Northbend,5,1,,2,1,YES,58600,-28700,8190,1890,1260,5040,6.71,Chevrolet,Silverado,2013,2,2015,2,1,0
22,29,IN,250/500,2000,1238.62,6000000,MALE,MD,exec-managerial,other-relative,248,1994,Single Vehicle Collision,Rear Collision,Major Damage,Ambulance,SC,Springfield,14,1,,2,3,,0,-56200,70800,7080,14160,49560,57.16,Accura,MDX,2012,3,2015,2,3,1
106,31,IL,500/1000,2000,1320.75,0,FEMALE,JD,farming-fishing,wife,204,1998,Multi-vehicle Collision,Rear Collision,Total Loss,Police,WV,Springfield,20,3,,0,3,YES,54100,0,45630,5070,5070,35490,34.55,Accura,MDX,2011,4,2015,2,4,0
398,58,OH,100/300,500,990.98,0,FEMALE,Associate,exec-managerial,wife,171,2000,Single Vehicle Collision,Front Collision,Major Damage,Police,NC,Northbrook,18,1,YES,2,1,,0,-57900,99320,7640,15280,76400,100.22,Accura,TL,2002,13,2015,2,3,1
214,41,IL,500/1000,500,1398.51,4000000,MALE,Masters,tech-support,not-in-family,124,2004,Multi-vehicle Collision,Side Collision,Major Damage,Fire,NC,Northbend,13,3,,2,0,NO,0,-57100,64000,12800,6400,44800,45.76,BMW,X6,1996,19,2015,2,3,1
209,38,OH,100/300,500,1355.08,0,FEMALE,MD,other-service,other-relative,62,2009,Single Vehicle Collision,Front Collision,Minor Damage,Fire,WV,Northbrook,21,1,,1,1,,58100,0,47300,4730,4730,37840,34.91,Nissan,Pathfinder,2014,1,2015,1,1,0
82,27,IL,100/300,1000,1384.51,0,MALE,PhD,adm-clerical,not-in-family,221,1996,Single Vehicle Collision,Rear Collision,Major Damage,Other,SC,Springfield,14,1,NO,2,3,,13100,-38200,71680,8960,8960,53760,51.77,Volkswagen,Jetta,2007,8,2015,2,3,1
193,41,OH,250/500,500,847.03,0,FEMALE,JD,craft-repair,not-in-family,235,1995,Single Vehicle Collision,Side Collision,Major Damage,Other,SC,Springfield,1,1,,1,0,YES,0,0,112320,17280,17280,77760,132.60,Suburu,Impreza,2011,4,2015,2,3,1
134,32,OH,100/300,1000,1000.06,0,FEMALE,PhD,farming-fishing,wife,163,2001,Single Vehicle Collision,Side Collision,Total Loss,Other,NY,Columbus,17,1,,1,0,,0,0,82720,7520,15040,60160,82.72,Audi,A3,2014,1,2015,1,4,0
288,45,IL,100/300,1000,1046.71,0,MALE,Masters,priv-house-serv,husband,148,2002,Multi-vehicle Collision,Rear Collision,Major Damage,Fire,NC,Hillsdale,4,3,,2,1,,0,0,48060,10680,5340,32040,45.92,Mercedes,C300,2009,6,2015,2,3,0
104,32,IN,250/500,500,1158.03,0,MALE,High School,exec-managerial,own-child,210,1997,Multi-vehicle Collision,Rear Collision,Total Loss,Police,NY,Riverwood,23,3,YES,1,3,YES,31900,-44600,63570,9780,9780,44010,54.89,Volkswagen,Jetta,2006,9,2015,1,4,1
431,54,OH,100/300,1000,1372.27,0,FEMALE,Masters,craft-repair,own-child,242,1994,Multi-vehicle Collision,Rear Collision,Total Loss,Fire,WV,Columbus,13,3,NO,2,3,,17600,0,63240,10540,10540,42160,46.08,Suburu,Forrestor,1997,18,2015,1,4,0
101,33,OH,100/300,1000,1053.04,7000000,FEMALE,Masters,other-service,own-child,32,2012,Multi-vehicle Collision,Rear Collision,Minor Damage,Ambulance,NC,Northbrook,20,3,NO,1,3,,52000,-44500,54240,9040,9040,36160,51.51,Saab,93,2013,2,2015,2,1,1
375,50,OH,100/300,1000,1275.39,0,MALE,Associate,sales,other-relative,96,2007,Single Vehicle Collision,Front Collision,Major Damage,Police,NY,Riverwood,16,1,YES,2,3,NO,0,0,37280,0,0,37280,29.23,Audi,A5,1996,19,2015,2,3,1
461,61,OH,100/300,2000,1402.75,0,MALE,JD,exec-managerial,husband,116,2005,Multi-vehicle Collision,Rear Collision,Minor Damage,Police,NY,Columbus,10,3,,2,1,YES,0,0,72100,7210,14420,50470,51.40,Jeep,Wrangler,2006,9,2015,2,1,0
428,59,IN,250/500,500,1344.36,7000000,FEMALE,JD,prof-specialty,other-relative,185,1999,Parked Car,,Minor Damage,None,WV,Northbend,8,1,,2,3,NO,0,0,6500,1300,650,4550,4.84,Saab,92x,2013,2,2015,2,1,0
45,38,IN,100/300,1000,1197.71,0,MALE,Masters,machine-op-inspct,not-in-family,105,2006,Multi-vehicle Collision,Front Collision,Total Loss,Ambulance,WV,Springfield,17,3,,2,0,,29000,0,78240,13040,13040,52160,65.32,Suburu,Legacy,2013,2,2015,2,4,0
136,29,OH,100/300,500,1203.24,0,FEMALE,JD,transport-moving,other-relative,58,2010,Vehicle Theft,,Minor Damage,Police,NY,Columbus,9,1,,2,0,,62500,-66900,6200,1240,620,4340,5.15,Honda,Accord,1999,16,2015,2,1,0
216,36,IN,500/1000,1000,1152.40,0,FEMALE,Associate,priv-house-serv,unmarried,266,1992,Parked Car,,Minor Damage,Police,VA,Springfield,0,1,YES,2,3,,39600,-82400,6160,560,1680,3920,5.35,Mercedes,E400,2014,1,2015,1,1,0
278,48,IN,500/1000,2000,1142.62,7000000,FEMALE,MD,farming-fishing,not-in-family,186,1999,Single Vehicle Collision,Front Collision,Total Loss,Ambulance,SC,Northbrook,12,1,,2,0,,0,-54000,76050,11700,11700,52650,66.56,Chevrolet,Silverado,1997,18,2015,1,4,0
295,48,OH,500/1000,1000,1332.07,0,FEMALE,MD,exec-managerial,unmarried,275,1992,Multi-vehicle Collision,Side Collision,Total Loss,Ambulance,NY,Hillsdale,20,2,NO,2,1,YES,49700,-59100,86060,13240,13240,59580,64.61,Volkswagen,Passat,2002,13,2015,1,4,0
112,30,OH,500/1000,1000,1166.54,0,FEMALE,Masters,prof-specialty,not-in-family,148,2002,Single Vehicle Collision,Front Collision,Major Damage,Fire,SC,Arlington,3,1,YES,2,0,NO,47700,-59300,107900,10790,21580,75530,92.50,Dodge,Neon,1997,18,2015,1,3,1
122,34,IL,250/500,500,1495.06,0,FEMALE,Masters,prof-specialty,unmarried,137,2003,Multi-vehicle Collision,Rear Collision,Total Loss,Fire,PA,Columbus,18,3,NO,2,0,YES,38100,-31400,99990,18180,18180,63630,66.88,Mercedes,E400,2011,4,2015,1,4,0
108,29,IN,500/1000,1000,1337.92,0,FEMALE,PhD,armed-forces,not-in-family,86,2007,Multi-vehicle Collision,Side Collision,Minor Damage,Ambulance,WV,Columbus,4,3,NO,2,2,YES,71400,0,61380,11160,5580,44640,45.88,Suburu,Legacy,2012,3,2015,2,1,0
14,28,OH,250/500,2000,1587.96,0,FEMALE,Associate,craft-repair,unmarried,151,2002,Single Vehicle Collision,Rear Collision,Major Damage,Fire,WV,Riverwood,18,1,,2,1,YES,0,-26900,71280,12960,12960,45360,44.89,Audi,A5,2012,3,2015,2,3,1
298,45,IL,500/1000,1000,1362.29,0,MALE,High School,farming-fishing,unmarried,271,1992,Multi-vehicle Collision,Front Collision,Minor Damage,Ambulance,NY,Northbend,18,3,NO,0,0,NO,0,-51100,64000,12800,6400,44800,46.98,Saab,95,1999,16,2015,2,1,0
276,46,IL,250/500,500,1448.84,0,FEMALE,Masters,machine-op-inspct,husband,119,2005,Parked Car,,Trivial Damage,Police,SC,Hillsdale,7,1,,0,1,NO,0,-50000,5940,660,660,4620,4.10,Toyota,Highlander,2015,0,2015,2,2,0
47,37,IN,250/500,2000,1241.97,0,MALE,High School,other-service,not-in-family,82,2008,Parked Car,,Minor Damage,None,NY,Hillsdale,18,1,NO,1,0,NO,75400,0,6700,670,670,5360,5.39,Jeep,Wrangler,2011,4,2015,1,1,0
222,42,IL,250/500,500,1124.60,0,MALE,Associate,armed-forces,not-in-family,188,1999,Multi-vehicle Collision,Rear Collision,Minor Damage,Police,NY,Arlington,23,3,YES,0,0,,0,0,51740,11940,7960,31840,46.01,Jeep,Wrangler,2006,9,2015,1,1,0
119,28,OH,250/500,2000,1079.92,0,MALE,High School,machine-op-inspct,husband,27,2012,Single Vehicle Collision,Rear Collision,Total Loss,Ambulance,PA,Riverwood,1,1,,0,1,YES,88800,0,53600,6700,6700,40200,49.63,Volkswagen,Jetta,2007,8,2015,2,4,1
73,29,IL,250/500,1000,1447.78,0,MALE,College,protective-serv,wife,264,1993,Multi-vehicle Collision,Rear Collision,Total Loss,Other,SC,Arlington,15,3,YES,1,0,,35100,-59900,44910,4990,4990,34930,31.02,Dodge,Neon,2001,14,2015,1,4,0
8,31,IN,250/500,500,1229.16,4000000,FEMALE,MD,transport-moving,wife,144,2003,Multi-vehicle Collision,Front Collision,Major Damage,Fire,PA,Hillsdale,2,3,,0,2,YES,0,-88300,48100,11100,7400,29600,39.13,Volkswagen,Jetta,2014,1,2015,2,3,0
294,44,IL,100/300,1000,1226.49,0,FEMALE,PhD,farming-fishing,unmarried,294,1990,Vehicle Theft,,Trivial Damage,None,WV,Riverwood,3,1,NO,0,1,NO,53900,0,6100,610,1220,4270,4.97,Ford,Fusion,2002,13,2015,2,2,0
324,46,IN,100/300,2000,897.89,6000000,MALE,MD,tech-support,wife,58,2010,Single Vehicle Collision,Rear Collision,Minor Damage,Other,PA,Hillsdale,13,1,,1,0,YES,0,-41300,79600,15920,15920,47760,88.65,Jeep,Wrangler,2011,4,2015,1,1,0
155,34,IN,100/300,500,1706.79,0,MALE,Masters,protective-serv,other-relative,292,1990,Single Vehicle Collision,Front Collision,Minor Damage,Ambulance,OH,Hillsdale,1,1,NO,1,1,YES,0,0,77040,8560,8560,59920,45.14,Honda,Civic,1998,17,2015,1,1,0
261,45,IL,250/500,1000,1254.18,0,FEMALE,PhD,prof-specialty,other-relative,115,2005,Single Vehicle Collision,Rear Collision,Minor Damage,Fire,SC,Columbus,16,1,YES,0,1,,0,-45100,62590,11380,11380,39830,49.91,Volkswagen,Jetta,2003,12,2015,1,1,0
245,40,IN,500/1000,500,885.08,0,FEMALE,Masters,armed-forces,other-relative,161,2001,Single Vehicle Collision,Front Collision,Total Loss,Other,WV,Northbend,0,1,YES,0,1,NO,27000,-58900,85150,13100,13100,58950,96.21,Chevrolet,Malibu,1998,17,2015,2,4,0
235,39,IL,100/300,500,1046.58,4000000,MALE,MD,tech-support,wife,48,2011,Vehicle Theft,,Trivial Damage,None,NY,Hillsdale,1,1,,2,1,NO,0,-31700,4950,450,900,3600,4.73,Chevrolet,Silverado,2010,5,2015,1,2,0
53,36,OH,500/1000,2000,1712.68,0,MALE,Associate,handlers-cleaners,not-in-family,137,2003,Multi-vehicle Collision,Side Collision,Major Damage,Fire,VA,Riverwood,17,3,,2,0,YES,72200,0,51100,10220,5110,35770,29.84,Audi,A3,2006,9,2015,2,3,0
426,54,IL,500/1000,2000,1097.71,0,FEMALE,Masters,adm-clerical,not-in-family,207,1997,Single Vehicle Collision,Side Collision,Minor Damage,Police,SC,Springfield,13,1,YES,2,3,,29600,-22300,100800,16800,16800,67200,91.83,Dodge,Neon,1997,18,2015,1,1,0
111,27,IN,250/500,500,1363.77,4000000,FEMALE,Masters,tech-support,husband,72,2009,Single Vehicle Collision,Side Collision,Total Loss,Police,VA,Springfield,12,1,YES,2,3,NO,51100,0,90970,16540,16540,57890,66.70,Accura,RSX,2009,6,2015,1,4,0
86,26,OH,100/300,500,1382.88,7000000,MALE,JD,tech-support,other-relative,195,1998,Single Vehicle Collision,Rear Collision,Minor Damage,Police,SC,Northbend,11,1,,1,1,YES,0,-30300,81840,14880,7440,59520,59.18,Chevrolet,Malibu,2011,4,2015,1,1,1
296,46,OH,100/300,1000,1141.35,7000000,MALE,Masters,craft-repair,not-in-family,263,1993,Single Vehicle Collision,Front Collision,Major Damage,Ambulance,NY,Northbend,18,1,,0,2,NO,0,0,54900,5490,5490,43920,48.10,Mercedes,C300,2013,2,2015,1,3,0
125,35,OH,500/1000,500,1054.83,7000000,MALE,JD,tech-support,husband,223,1996,Single Vehicle Collision,Front Collision,Total Loss,Fire,NY,Northbend,17,1,YES,2,3,NO,0,-51300,88660,8060,16120,64480,84.05,Mercedes,C300,2007,8,2015,2,4,1
177,34,IL,100/300,2000,1057.77,0,FEMALE,JD,tech-support,unmarried,25,2013,Multi-vehicle Collision,Front Collision,Total Loss,Ambulance,NC,Riverwood,22,3,,1,1,NO,0,-57700,18000,2250,2250,13500,17.02,Audi,A3,2009,6,2015,2,4,0
238,39,IN,250/500,2000,1488.02,0,FEMALE,JD,protective-serv,other-relative,98,2006,Vehicle Theft,,Minor Damage,Police,NY,Northbrook,9,1,YES,1,3,YES,0,-39200,5500,1100,550,3850,3.70,Chevrolet,Tahoe,2010,5,2015,2,1,0
81,25,IN,100/300,500,920.30,5000000,FEMALE,High School,tech-support,own-child,12,2014,Multi-vehicle Collision,Rear Collision,Major Damage,Other,WV,Hillsdale,11,3,,1,0,,51000,-67900,73920,13440,6720,53760,80.32,Honda,Civic,2003,12,2015,2,3,1
128,28,OH,500/1000,1000,986.53,0,FEMALE,High School,adm-clerical,other-relative,87,2007,Single Vehicle Collision,Rear Collision,Total Loss,Ambulance,VA,Columbus,11,1,NO,0,2,YES,62700,0,101860,18520,18520,64820,103.25,Honda,CRV,2007,8,2015,2,4,0
449,57,OH,250/500,2000,1440.68,0,MALE,Associate,tech-support,own-child,190,1999,Parked Car,,Minor Damage,None,SC,Riverwood,8,1,YES,0,1,YES,25000,0,5390,980,980,3430,3.74,Volkswagen,Passat,2008,7,2015,2,1,0
252,39,IN,250/500,1000,1086.21,0,MALE,JD,farming-fishing,unmarried,108,2006,Single Vehicle Collision,Side Collision,Minor Damage,Police,SC,Springfield,18,1,,1,2,,68500,-57500,50490,5610,5610,39270,46.48,Nissan,Maxima,2001,14,2015,2,1,0
359,47,OH,100/300,2000,1367.68,0,FEMALE,MD,handlers-cleaners,unmarried,255,1993,Single Vehicle Collision,Front Collision,Total Loss,Police,SC,Arlington,13,1,NO,0,3,NO,0,0,55500,5550,11100,38850,40.58,Mercedes,C300,2012,3,2015,1,4,0
19,32,OH,500/1000,1000,1215.85,0,MALE,High School,other-service,husband,108,2006,Vehicle Theft,,Minor Damage,Police,VA,Hillsdale,8,1,YES,1,1,YES,42900,-90200,7040,1280,640,5120,5.79,Nissan,Maxima,2015,0,2015,1,1,0
73,26,IL,250/500,2000,1191.19,4000000,MALE,MD,farming-fishing,not-in-family,142,2003,Multi-vehicle Collision,Rear Collision,Total Loss,Other,VA,Northbrook,9,3,,0,1,YES,29300,0,40160,5020,0,35140,33.71,Chevrolet,Tahoe,2003,12,2015,2,4,0
285,44,IL,500/1000,1000,1594.45,0,MALE,High School,handlers-cleaners,husband,7,2014,Multi-vehicle Collision,Side Collision,Total Loss,Fire,NC,Columbus,17,2,YES,2,3,NO,0,0,55680,6960,6960,41760,34.92,Saab,95,2006,9,2015,2,4,0
196,36,IN,250/500,2000,1463.07,0,MALE,MD,armed-forces,own-child,228,1996,Vehicle Theft,,Trivial Damage,Police,WV,Springfield,3,1,,1,1,NO,0,0,5300,530,530,4240,3.62,Jeep,Grand Cherokee,2001,14,2015,1,2,1
223,43,OH,250/500,500,1734.09,0,FEMALE,MD,adm-clerical,not-in-family,153,2002,Parked Car,,Trivial Damage,None,WV,Arlington,6,1,YES,0,3,,0,0,5200,650,650,3900,3.00,Accura,MDX,2006,9,2015,1,2,0
328,48,IL,250/500,500,1411.43,0,MALE,Masters,armed-forces,own-child,109,2005,Single Vehicle Collision,Front Collision,Major Damage,Ambulance,NY,Riverwood,17,1,YES,2,1,NO,45100,-32800,59400,5940,11880,41580,42.08,Honda,Civic,2014,1,2015,1,3,0
285,43,OH,100/300,2000,1512.58,0,FEMALE,College,sales,other-relative,242,1994,Vehicle Theft,,Minor Damage,Police,SC,Arlington,7,1,,1,1,,47600,0,2520,280,280,1960,1.67,BMW,3 Series,1997,18,2015,1,1,0
30,31,IL,250/500,2000,1153.35,0,MALE,PhD,craft-repair,not-in-family,32,2012,Vehicle Theft,,Trivial Damage,Police,NY,Hillsdale,9,1,NO,2,1,YES,0,0,5760,960,960,3840,4.99,Suburu,Impreza,2011,4,2015,2,2,0
342,49,OH,250/500,500,1722.95,0,MALE,PhD,transport-moving,not-in-family,202,1998,Single Vehicle Collision,Rear Collision,Minor Damage,Fire,WV,Hillsdale,3,1,,2,0,YES,63100,-13800,76700,7670,7670,61360,44.52,Suburu,Legacy,2006,9,2015,2,1,0
219,39,IN,250/500,2000,1281.07,7000000,FEMALE,High School,protective-serv,unmarried,93,2007,Parked Car,,Trivial Damage,Police,NY,Springfield,6,1,NO,0,2,NO,0,0,5920,740,740,4440,4.62,Chevrolet,Malibu,2015,0,2015,1,2,0
468,62,IL,100/300,500,1011.92,0,MALE,PhD,machine-op-inspct,wife,176,2000,Multi-vehicle Collision,Rear Collision,Major Damage,Fire,SC,Riverwood,7,3,YES,0,3,,0,0,64350,7150,7150,50050,63.59,Chevrolet,Tahoe,2009,6,2015,2,3,0
241,39,IL,250/500,2000,1042.26,0,MALE,JD,sales,husband,223,1996,Multi-vehicle Collision,Rear Collision,Total Loss,Ambulance,WV,Northbend,21,3,NO,1,2,,0,0,19080,4240,2120,12720,18.31,Saab,93,1995,20,2015,1,4,0
223,43,OH,500/1000,500,1235.10,0,FEMALE,Masters,tech-support,not-in-family,69,2009,Single Vehicle Collision,Rear Collision,Minor Damage,Police,SC,Springfield,14,1,NO,2,1,NO,66400,-34400,54400,5440,5440,43520,44.05,BMW,M5,2011,4,2015,2,1,0
128,32,OH,100/300,2000,768.91,0,FEMALE,College,sales,other-relative,163,2001,Single Vehicle Collision,Rear Collision,Total Loss,Fire,SC,Columbus,0,1,,1,0,NO,0,-39300,59800,5980,5980,47840,77.77,Ford,F150,1999,16,2015,2,4,1
124,29,OH,500/1000,500,1301.72,0,MALE,Masters,handlers-cleaners,husband,257,1993,Multi-vehicle Collision,Side Collision,Major Damage,Police,VA,Springfield,14,3,,0,3,YES,0,0,72000,7200,7200,57600,55.31,Audi,A3,2005,10,2015,2,3,0
343,48,IN,250/500,500,1451.54,3000000,MALE,JD,adm-clerical,husband,62,2009,Multi-vehicle Collision,Side Collision,Total Loss,Police,SC,Riverwood,13,4,NO,2,3,NO,0,0,65070,7230,14460,43380,44.83,Mercedes,C300,2003,12,2015,1,4,0
404,53,IN,250/500,500,767.14,0,MALE,Associate,sales,not-in-family,1,2014,Parked Car,,Trivial Damage,Police,WV,Columbus,8,1,NO,0,1,NO,25500,-36700,8800,1760,880,6160,11.47,Suburu,Legacy,2002,13,2015,1,2,0
63,24,OH,250/500,2000,1620.89,0,FEMALE,High School,handlers-cleaners,other-relative,253,1994,Vehicle Theft,,Minor Damage,Police,NC,Hillsdale,7,1,NO,2,0,NO,0,0,6120,1020,1020,4080,3.78,Toyota,Corolla,2015,0,2015,2,1,0
210,37,IN,500/1000,2000,1048.46,0,MALE,High School,priv-house-serv,not-in-family,101,2006,Vehicle Theft,,Trivial Damage,None,OH,Columbus,9,1,,1,2,,59900,0,7080,1180,590,5310,6.75,Dodge,RAM,1999,16,2015,1,2,0
335,50,OH,100/300,1000,1538.26,6000000,MALE,High School,sales,other-relative,95,2007,Multi-vehicle Collision,Side Collision,Minor Damage,Ambulance,NY,Riverwood,12,3,YES,2,3,YES,62200,-31400,34320,8580,4290,21450,22.31,Volkswagen,Passat,2009,6,2015,1,1,0
11,40,OH,500/1000,2000,1217.69,0,FEMALE,MD,prof-specialty,wife,165,2001,Multi-vehicle Collision,Side Collision,Major Damage,Other,SC,Springfield,6,3,,1,0,,24000,0,53460,9720,9720,34020,43.90,Dodge,Neon,2004,11,2015,1,3,1
142,33,IN,100/300,2000,1362.64,5000000,FEMALE,JD,exec-managerial,wife,239,1995,Single Vehicle Collision,Side Collision,Total Loss,Other,NC,Columbus,11,1,YES,1,3,,0,0,81360,6780,13560,61020,59.71,Suburu,Legacy,2009,6,2015,1,4,1
272,43,OH,100/300,1000,1279.13,0,MALE,PhD,craft-repair,other-relative,235,1995,Multi-vehicle Collision,Side Collision,Minor Damage,Ambulance,NC,Springfield,5,3,,1,2,YES,0,0,81070,7370,14740,58960,63.38,Audi,A3,2006,9,2015,2,1,1
69,26,IL,100/300,2000,924.72,0,FEMALE,High School,machine-op-inspct,unmarried,106,2006,Single Vehicle Collision,Front Collision,Minor Damage,Fire,NY,Columbus,14,1,NO,2,2,NO,0,0,63120,5260,10520,47340,68.26,Audi,A5,2008,7,2015,1,1,0
38,28,OH,250/500,1000,1019.44,0,MALE,Masters,transport-moving,not-in-family,239,1995,Vehicle Theft,,Trivial Damage,None,NC,Springfield,17,1,,2,1,NO,0,-39700,7200,1440,720,5040,7.06,BMW,X5,2004,11,2015,2,2,0
328,46,IL,500/1000,500,1314.60,0,FEMALE,MD,prof-specialty,not-in-family,224,1996,Single Vehicle Collision,Rear Collision,Total Loss,Other,WV,Hillsdale,0,1,,2,3,,24800,0,70290,12780,6390,51120,53.47,Saab,92x,1998,17,2015,2,4,1
281,43,OH,100/300,1000,1515.18,6000000,MALE,College,priv-house-serv,other-relative,259,1993,Multi-vehicle Collision,Side Collision,Minor Damage,Fire,SC,Northbrook,21,3,NO,1,0,NO,0,0,60190,9260,9260,41670,39.72,BMW,X6,1999,16,2015,1,1,0
246,44,OH,250/500,2000,1649.18,0,MALE,College,farming-fishing,other-relative,163,2001,Single Vehicle Collision,Front Collision,Major Damage,Other,NY,Hillsdale,18,1,YES,1,2,YES,0,-58600,61380,11160,5580,44640,37.22,Honda,Civic,2009,6,2015,2,3,1
298,49,OH,250/500,500,1451.01,0,FEMALE,College,other-service,own-child,75,2008,Single Vehicle Collision,Front Collision,Minor Damage,Ambulance,NY,Springfield,17,1,NO,2,2,NO,47800,0,28100,2810,5620,19670,19.37,Jeep,Grand Cherokee,2012,3,2015,2,1,0
330,50,IL,500/1000,1000,978.46,0,FEMALE,High School,sales,husband,146,2002,Single Vehicle Collision,Side Collision,Total Loss,Fire,NY,Hillsdale,19,1,YES,0,0,NO,0,0,49060,8920,8920,31220,50.14,Chevrolet,Silverado,1995,20,2015,2,4,0
362,50,IL,250/500,500,1198.34,4000000,MALE,Associate,sales,wife,108,2006,Multi-vehicle Collision,Side Collision,Total Loss,Fire,NY,Columbus,17,3,,1,1,NO,53000,-72500,57060,6340,6340,44380,47.62,Mercedes,E400,1995,20,2015,1,4,0
241,38,IN,100/300,2000,1003.23,0,FEMALE,Associate,tech-support,not-in-family,296,1990,Multi-vehicle Collision,Side Collision,Major Damage,Fire,VA,Arlington,23,3,,0,3,YES,0,0,77880,12980,12980,51920,77.63,Accura,MDX,2008,7,2015,1,3,0
245,41,IN,500/1000,2000,1212.00,0,MALE,Masters,exec-managerial,unmarried,17,2013,Single Vehicle Collision,Front Collision,Total Loss,Ambulance,NY,Springfield,4,1,YES,0,1,YES,24400,-60500,73500,7350,14700,51450,60.64,Jeep,Wrangler,1999,16,2015,1,4,0
371,52,IL,250/500,1000,1242.96,7000000,FEMALE,High School,other-service,own-child,208,1997,Multi-vehicle Collision,Rear Collision,Minor Damage,Other,NY,Riverwood,2,2,YES,2,0,,0,-37100,88920,6840,13680,68400,71.54,Accura,RSX,2010,5,2015,2,1,0
343,52,IL,500/1000,1000,1053.02,0,FEMALE,Associate,prof-specialty,not-in-family,157,2002,Single Vehicle Collision,Front Collision,Major Damage,Other,NY,Arlington,2,1,,0,2,NO,0,0,47630,12990,4330,30310,45.23,Toyota,Corolla,2005,10,2015,2,3,1
377,53,IL,100/300,500,1693.63,0,FEMALE,MD,craft-repair,unmarried,221,1996,Multi-vehicle Collision,Front Collision,Total Loss,Fire,WV,Hillsdale,10,3,YES,1,3,NO,0,-64000,59040,6560,6560,45920,34.86,Saab,93,2015,0,2015,2,4,0
154,37,IL,250/500,1000,2047.59,0,FEMALE,MD,farming-fishing,other-relative,60,2010,Single Vehicle Collision,Rear Collision,Minor Damage,Other,SC,Columbus,2,1,,0,3,NO,0,-67800,79530,14460,7230,57840,38.84,Accura,MDX,2000,15,2015,1,1,0
166,34,OH,100/300,1000,1083.72,0,FEMALE,High School,machine-op-inspct,wife,4,2014,Single Vehicle Collision,Side Collision,Total Loss,Other,NY,Columbus,18,1,NO,0,2,YES,65600,-68200,53680,4880,4880,43920,49.53,Honda,CRV,2005,10,2015,2,4,0
298,46,OH,500/1000,1000,1138.42,6000000,MALE,JD,prof-specialty,own-child,93,2007,Single Vehicle Collision,Side Collision,Minor Damage,Police,SC,Arlington,18,1,NO,2,3,YES,36900,-55000,33550,3050,6100,24400,29.47,Volkswagen,Passat,2005,10,2015,2,1,0
235,42,IN,250/500,500,1072.62,0,FEMALE,Masters,machine-op-inspct,husband,293,1990,Multi-vehicle Collision,Side Collision,Total Loss,Other,WV,Springfield,7,4,,2,1,YES,39900,-60200,69100,6910,6910,55280,64.42,Toyota,Highlander,2006,9,2015,2,4,0
172,35,IL,100/300,2000,1219.04,0,MALE,MD,handlers-cleaners,own-child,124,2004,Multi-vehicle Collision,Rear Collision,Major Damage,Police,OH,Hillsdale,19,3,,2,0,NO,63600,-68700,79750,14500,14500,50750,65.42,Nissan,Pathfinder,1999,16,2015,1,3,0
27,28,IN,100/300,2000,1371.78,0,MALE,JD,farming-fishing,other-relative,234,1995,Multi-vehicle Collision,Front Collision,Major Damage,Other,PA,Riverwood,10,3,,0,2,YES,0,-32500,53600,5360,10720,37520,39.07,Audi,A5,2015,0,2015,2,3,1
428,54,IN,100/300,2000,1506.21,0,MALE,Masters,transport-moving,unmarried,131,2004,Multi-vehicle Collision,Side Collision,Minor Damage,Fire,NY,Riverwood,16,3,NO,1,0,,0,-24400,76560,12760,6380,57420,50.83,Nissan,Ultima,2009,6,2015,1,1,0
99,32,IN,100/300,1000,1058.21,3000000,MALE,JD,craft-repair,unmarried,6,2014,Single Vehicle Collision,Front Collision,Total Loss,Fire,NY,Arlington,17,1,YES,1,1,NO,0,0,41130,4570,4570,31990,38.87,Dodge,RAM,1999,16,2015,1,4,0
107,26,IL,500/1000,2000,932.14,0,MALE,MD,sales,own-child,214,1997,Multi-vehicle Collision,Rear Collision,Total Loss,Fire,SC,Columbus,2,3,NO,2,3,NO,40600,0,78650,14300,7150,57200,84.38,Audi,A3,1996,19,2015,1,4,1
272,41,OH,500/1000,2000,1608.34,0,FEMALE,Associate,farming-fishing,own-child,285,1991,Single Vehicle Collision,Side Collision,Major Damage,Other,NY,Springfield,19,1,,1,1,,33300,-10600,71060,6460,12920,51680,44.18,Saab,92x,2010,5,2015,2,3,0
151,37,IN,500/1000,1000,1728.56,0,FEMALE,Masters,farming-fishing,own-child,270,1992,Single Vehicle Collision,Front Collision,Minor Damage,Fire,WV,Northbrook,0,1,YES,1,1,,54000,0,38830,3530,3530,31770,22.46,Suburu,Legacy,1999,16,2015,2,1,0
249,43,IL,250/500,1000,1518.46,0,FEMALE,MD,armed-forces,own-child,16,2013,Single Vehicle Collision,Front Collision,Major Damage,Fire,SC,Riverwood,16,1,,0,0,YES,0,0,53500,5350,5350,42800,35.23,Saab,92x,2015,0,2015,1,3,0
177,38,IL,100/300,2000,1540.19,0,FEMALE,College,adm-clerical,other-relative,37,2012,Single Vehicle Collision,Front Collision,Major Damage,Other,VA,Columbus,20,1,YES,2,0,NO,0,-74500,73700,7370,7370,58960,47.85,Chevrolet,Silverado,2001,14,2015,2,3,1
190,40,OH,500/1000,2000,965.21,0,FEMALE,JD,exec-managerial,other-relative,97,2007,Parked Car,,Trivial Damage,None,SC,Hillsdale,10,1,,2,1,YES,36900,-53700,6300,630,630,5040,6.53,Nissan,Ultima,2001,14,2015,2,2,0
174,36,IL,100/300,2000,1278.75,0,FEMALE,College,tech-support,own-child,112,2005,Multi-vehicle Collision,Rear Collision,Total Loss,Ambulance,NY,Riverwood,21,3,,2,2,NO,53200,-53800,65400,10900,10900,43600,51.14,Dodge,RAM,2012,3,2015,2,4,0
95,28,OH,250/500,1000,773.99,0,MALE,Associate,armed-forces,other-relative,290,1990,Vehicle Theft,,Trivial Damage,None,PA,Springfield,3,1,YES,1,2,NO,0,-70300,3200,640,320,2240,4.13,Mercedes,E400,2014,1,2015,1,2,0
371,51,IN,500/1000,1000,1532.47,0,FEMALE,Associate,tech-support,other-relative,111,2005,Single Vehicle Collision,Rear Collision,Major Damage,Fire,NY,Arlington,7,1,YES,0,3,YES,60300,-24700,75400,7540,15080,52780,49.20,Dodge,RAM,2012,3,2015,1,3,1
2,28,IL,250/500,1000,1340.56,0,FEMALE,JD,machine-op-inspct,not-in-family,188,1999,Single Vehicle Collision,Side Collision,Minor Damage,Fire,NY,Northbend,19,1,YES,0,2,YES,0,0,58140,6460,6460,45220,43.37,Saab,92x,2008,7,2015,1,1,0
269,44,OH,100/300,500,1297.75,4000000,FEMALE,JD,other-service,own-child,146,2002,Multi-vehicle Collision,Rear Collision,Total Loss,Ambulance,SC,Columbus,15,3,,0,1,,0,-41400,98670,15180,15180,68310,76.03,Chevrolet,Tahoe,2010,5,2015,2,4,1
101,27,IL,250/500,1000,433.33,0,MALE,Masters,machine-op-inspct,other-relative,95,2007,Parked Car,,Minor Damage,None,SC,Hillsdale,7,1,,0,3,NO,25900,0,5900,1180,590,4130,13.62,Mercedes,E400,2009,6,2015,1,1,0
94,30,IN,250/500,2000,1025.54,0,FEMALE,High School,armed-forces,other-relative,155,2002,Single Vehicle Collision,Rear Collision,Major Damage,Fire,NC,Arlington,19,1,,1,3,YES,0,-52600,64100,6410,6410,51280,62.50,Chevrolet,Malibu,2001,14,2015,2,3,0
117,28,OH,250/500,500,1264.77,0,FEMALE,Associate,transport-moving,unmarried,142,2003,Multi-vehicle Collision,Rear Collision,Total Loss,Fire,SC,Springfield,13,2,YES,0,1,,47500,-32500,55440,5040,10080,40320,43.83,Suburu,Forrestor,2009,6,2015,2,4,1
111,27,OH,250/500,500,1459.97,5000000,MALE,MD,sales,other-relative,149,2002,Multi-vehicle Collision,Side Collision,Major Damage,Police,SC,Northbend,2,3,NO,1,2,NO,0,0,80850,7350,14700,58800,55.38,Ford,F150,2011,4,2015,2,3,1
242,40,OH,100/300,500,1238.65,0,FEMALE,High School,transport-moving,husband,203,1998,Vehicle Theft,,Trivial Damage,Police,WV,Springfield,5,1,YES,1,1,NO,0,-44600,7480,680,680,6120,6.04,Saab,95,1998,17,2015,1,2,0
440,61,OH,250/500,500,1050.76,0,MALE,PhD,transport-moving,wife,268,1992,Single Vehicle Collision,Side Collision,Major Damage,Fire,OH,Riverwood,21,1,,2,3,NO,41500,-70200,53640,5960,5960,41720,51.05,Nissan,Maxima,2004,11,2015,1,3,1
20,23,OH,500/1000,1000,1711.72,0,FEMALE,JD,tech-support,wife,188,1999,Multi-vehicle Collision,Rear Collision,Major Damage,Fire,SC,Northbrook,21,3,NO,2,2,NO,0,0,63250,5750,11500,46000,36.95,Chevrolet,Tahoe,2002,13,2015,1,3,1
461,57,IL,100/300,500,865.33,7000000,FEMALE,High School,farming-fishing,own-child,205,1997,Multi-vehicle Collision,Side Collision,Major Damage,Ambulance,NY,Hillsdale,7,3,NO,0,1,,0,0,59040,9840,9840,39360,68.23,Dodge,RAM,1995,20,2015,1,3,0
208,36,IL,250/500,500,1153.49,0,MALE,Associate,craft-repair,other-relative,176,2000,Multi-vehicle Collision,Side Collision,Total Loss,Other,SC,Arlington,16,3,YES,1,0,YES,0,0,50500,10100,5050,35350,43.78,Accura,TL,2004,11,2015,2,4,0
279,43,OH,500/1000,2000,1281.25,0,MALE,Associate,machine-op-inspct,other-relative,237,1995,Single Vehicle Collision,Side Collision,Major Damage,Police,SC,Columbus,13,1,YES,0,1,NO,0,0,57690,6410,12820,38460,45.03,Mercedes,C300,2010,5,2015,1,3,1
244,40,IL,100/300,500,1342.80,0,FEMALE,MD,sales,husband,104,2006,Vehicle Theft,,Trivial Damage,Police,NY,Springfield,2,1,YES,1,3,YES,0,0,5940,660,660,4620,4.42,Toyota,Camry,2014,1,2015,2,2,0
134,30,OH,250/500,2000,1443.32,0,FEMALE,PhD,exec-managerial,unmarried,88,2007,Multi-vehicle Collision,Rear Collision,Major Damage,Fire,SC,Northbend,19,3,,0,2,YES,0,0,47790,5310,5310,37170,33.11,Suburu,Impreza,1995,20,2015,1,3,1
122,29,OH,250/500,1000,1629.94,0,FEMALE,Masters,priv-house-serv,other-relative,279,1991,Parked Car,,Trivial Damage,None,SC,Riverwood,17,1,,0,1,NO,0,-47100,3850,350,350,3150,2.36,Dodge,Neon,2014,1,2015,2,2,0
156,31,IL,100/300,2000,1134.08,0,MALE,PhD,other-service,husband,221,1996,Single Vehicle Collision,Front Collision,Major Damage,Police,NC,Arlington,3,1,,2,0,,0,0,59000,5900,5900,47200,52.02,Ford,Fusion,2013,2,2015,2,3,1
232,43,OH,250/500,500,1483.91,8000000,MALE,College,machine-op-inspct,husband,164,2001,Multi-vehicle Collision,Rear Collision,Major Damage,Ambulance,NY,Arlington,17,3,NO,0,1,,0,-33600,70600,7060,14120,49420,47.58,Volkswagen,Passat,2013,2,2015,1,3,1
244,40,IN,500/1000,2000,1304.67,7000000,MALE,Masters,armed-forces,other-relative,185,1999,Multi-vehicle Collision,Side Collision,Minor Damage,Police,SC,Hillsdale,5,3,,1,1,,0,-45000,61490,5590,11180,44720,47.13,Dodge,RAM,2001,14,2015,1,1,0
84,30,IL,500/1000,2000,1035.79,0,FEMALE,MD,protective-serv,wife,139,2003,Single Vehicle Collision,Side Collision,Minor Damage,Police,SC,Northbend,9,1,NO,1,0,YES,44400,-51500,57640,5240,10480,41920,55.65,Volkswagen,Passat,2010,5,2015,1,1,0
394,57,IL,250/500,500,1401.20,0,FEMALE,High School,craft-repair,own-child,190,1999,Vehicle Theft,,Trivial Damage,Police,NC,Hillsdale,9,1,NO,1,0,NO,51500,0,6890,1060,1060,4770,4.92,Audi,A5,1999,16,2015,1,2,0
246,45,IL,250/500,1000,1665.45,0,MALE,JD,machine-op-inspct,wife,191,1999,Multi-vehicle Collision,Side Collision,Major Damage,Fire,PA,Columbus,9,3,,2,2,,34400,-33100,53280,11840,5920,35520,31.99,Toyota,Camry,2006,9,2015,1,3,1
35,29,IN,500/1000,2000,653.66,0,FEMALE,JD,handlers-cleaners,unmarried,42,2011,Multi-vehicle Collision,Rear Collision,Minor Damage,Fire,SC,Springfield,22,3,NO,0,0,,52100,-46900,78300,15660,7830,54810,119.79,BMW,X5,2009,6,2015,2,1,0
156,37,OH,100/300,500,1080.13,0,MALE,Associate,protective-serv,other-relative,55,2010,Multi-vehicle Collision,Rear Collision,Major Damage,Ambulance,PA,Springfield,15,3,YES,0,3,NO,0,-61000,41490,4610,4610,32270,38.41,Nissan,Pathfinder,2001,14,2015,1,3,0
195,36,IN,100/300,2000,1346.18,0,FEMALE,Associate,machine-op-inspct,wife,159,2001,Multi-vehicle Collision,Front Collision,Total Loss,Fire,SC,Hillsdale,14,3,YES,2,3,YES,57800,-53300,68970,12540,6270,50160,51.23,Chevrolet,Tahoe,2007,8,2015,2,4,0
369,55,OH,250/500,2000,1589.54,0,MALE,College,handlers-cleaners,husband,21,2013,Multi-vehicle Collision,Rear Collision,Minor Damage,Police,VA,Arlington,6,3,,2,0,YES,55400,0,85300,17060,8530,59710,53.66,Toyota,Highlander,2003,12,2015,1,1,0
271,40,IL,100/300,1000,1251.65,0,FEMALE,Associate,other-service,wife,230,1995,Parked Car,,Minor Damage,None,NY,Hillsdale,6,1,NO,0,0,NO,71200,0,3080,560,280,2240,2.46,Audi,A3,2012,3,2015,2,1,0
332,47,IL,100/300,2000,1083.01,0,MALE,MD,craft-repair,other-relative,278,1991,Multi-vehicle Collision,Front Collision,Major Damage,Police,WV,Arlington,22,4,YES,2,0,,91900,0,71760,11040,11040,49680,66.26,Jeep,Grand Cherokee,2010,5,2015,1,3,1
107,26,OH,100/300,500,974.59,0,FEMALE,JD,armed-forces,wife,8,2014,Multi-vehicle Collision,Rear Collision,Minor Damage,Ambulance,NY,Arlington,14,3,,1,0,NO,62800,0,59700,11940,11940,35820,61.26,Nissan,Ultima,2002,13,2015,1,1,0
217,39,IL,500/1000,2000,1399.85,0,FEMALE,Masters,other-service,other-relative,274,1992,Multi-vehicle Collision,Front Collision,Minor Damage,Fire,NY,Columbus,16,3,NO,0,2,,49900,-19800,64920,10820,10820,43280,46.38,Ford,Fusion,1997,18,2015,1,1,0
243,43,IN,500/1000,500,1307.74,0,FEMALE,Associate,machine-op-inspct,own-child,107,2006,Multi-vehicle Collision,Front Collision,Major Damage,Ambulance,SC,Riverwood,10,3,,0,1,NO,0,-75700,37530,4170,4170,29190,28.70,Jeep,Wrangler,2008,7,2015,1,3,0
296,42,IN,250/500,2000,1219.27,0,MALE,Associate,tech-support,husband,143,2003,Multi-vehicle Collision,Side Collision,Total Loss,Ambulance,WV,Columbus,9,3,YES,1,2,NO,53100,-63400,64080,7120,7120,49840,52.56,Saab,93,2012,3,2015,2,4,0
264,41,OH,100/300,500,1411.30,0,MALE,PhD,prof-specialty,unmarried,148,2002,Single Vehicle Collision,Rear Collision,Minor Damage,Other,PA,Northbrook,4,1,NO,1,0,,55600,0,60390,10980,5490,43920,42.79,BMW,M5,2004,11,2015,2,1,1
108,33,IL,100/300,2000,694.45,0,FEMALE,JD,armed-forces,not-in-family,300,1990,Multi-vehicle Collision,Side Collision,Major Damage,Police,WV,Northbend,6,3,,0,1,YES,0,0,64350,5850,11700,46800,92.66,Nissan,Pathfinder,2011,4,2015,1,3,1
32,38,IL,100/300,500,1006.77,6000000,FEMALE,College,other-service,own-child,59,2010,Multi-vehicle Collision,Side Collision,Minor Damage,Police,SC,Northbend,15,3,YES,2,1,YES,0,0,70900,14180,7090,49630,70.42,BMW,X6,1997,18,2015,2,1,0
259,39,OH,250/500,1000,1422.36,0,FEMALE,JD,craft-repair,unmarried,232,1995,Multi-vehicle Collision,Side Collision,Minor Damage,Fire,PA,Columbus,12,3,NO,1,3,,0,-83900,46560,7760,7760,31040,32.73,Nissan,Ultima,2012,3,2015,1,1,0
186,33,IN,100/300,1000,1348.32,0,FEMALE,Associate,craft-repair,wife,59,2010,Vehicle Theft,,Trivial Damage,Police,NY,Arlington,3,1,NO,2,1,,37600,-37600,4730,860,860,3010,3.51,Chevrolet,Malibu,2013,2,2015,1,2,1
201,40,OH,250/500,2000,1315.56,0,FEMALE,PhD,transport-moving,not-in-family,278,1991,Vehicle Theft,,Minor Damage,Police,SC,Northbrook,14,1,YES,0,0,YES,0,0,6820,1240,1240,4340,5.18,Jeep,Grand Cherokee,2003,12,2015,2,1,0
436,58,OH,250/500,2000,1407.01,5000000,MALE,PhD,tech-support,other-relative,153,2002,Single Vehicle Collision,Rear Collision,Major Damage,Police,WV,Riverwood,10,1,,0,2,,47400,-27600,59900,11980,5990,41930,42.57,BMW,X5,1997,18,2015,1,3,1
189,36,OH,250/500,2000,1388.58,0,FEMALE,MD,priv-house-serv,own-child,94,2007,Multi-vehicle Collision,Side Collision,Major Damage,Police,WV,Riverwood,17,3,,1,3,YES,0,-49400,79560,13260,13260,53040,57.30,Ford,Escape,2009,6,2015,2,3,0
105,33,IL,500/1000,500,1310.76,0,FEMALE,High School,adm-clerical,not-in-family,223,1996,Single Vehicle Collision,Front Collision,Total Loss,Other,VA,Northbrook,8,1,YES,0,1,,0,-40900,70290,12780,6390,51120,53.63,Accura,MDX,2008,7,2015,2,4,0
163,31,IN,100/300,1000,1004.63,6000000,MALE,JD,priv-house-serv,not-in-family,153,2002,Multi-vehicle Collision,Rear Collision,Total Loss,Ambulance,SC,Hillsdale,14,3,YES,2,0,NO,26900,0,63910,5810,11620,46480,63.62,Suburu,Forrestor,1999,16,2015,1,4,0
219,40,OH,100/300,500,1134.91,0,FEMALE,Associate,transport-moving,not-in-family,99,2006,Vehicle Theft,,Trivial Damage,None,SC,Riverwood,6,1,,1,0,NO,68700,0,6400,640,640,5120,5.64,Toyota,Camry,1997,18,2015,1,2,0
88,25,IN,250/500,1000,1194.00,0,FEMALE,JD,handlers-cleaners,husband,88,2007,Single Vehicle Collision,Rear Collision,Major Damage,Ambulance,SC,Northbrook,6,1,YES,1,2,YES,0,0,66780,7420,7420,51940,55.93,Ford,Escape,2013,2,2015,2,3,1
40,39,IN,500/1000,1000,1248.25,4000000,FEMALE,College,sales,own-child,167,2001,Parked Car,,Minor Damage,Police,VA,Northbrook,8,1,NO,0,2,,0,-33300,8760,1460,1460,5840,7.02,BMW,3 Series,2013,2,2015,2,1,0
284,42,OH,100/300,500,1338.54,-1000000,MALE,Associate,machine-op-inspct,wife,236,1995,Single Vehicle Collision,Side Collision,Major Damage,Ambulance,NC,Arlington,13,1,YES,0,1,,0,0,94160,8560,17120,68480,70.35,Chevrolet,Malibu,1996,19,2015,1,3,0
59,40,IL,250/500,2000,782.23,0,MALE,College,protective-serv,other-relative,41,2011,Multi-vehicle Collision,Front Collision,Total Loss,Ambulance,OH,Springfield,0,3,,0,2,NO,64200,-32300,51570,5730,11460,34380,65.93,BMW,X5,2010,5,2015,2,4,0
39,31,IL,250/500,2000,1366.90,0,FEMALE,High School,handlers-cleaners,husband,144,2003,Multi-vehicle Collision,Rear Collision,Major Damage,Fire,NC,Northbend,14,3,,1,0,NO,0,-15700,52700,10540,10540,31620,38.55,BMW,X6,2014,1,2015,1,3,1
147,34,IL,500/1000,1000,1275.81,0,MALE,High School,sales,wife,47,2011,Single Vehicle Collision,Side Collision,Minor Damage,Fire,NY,Columbus,13,1,YES,2,2,,0,-48300,101010,15540,15540,69930,79.17,Mercedes,ML350,1998,17,2015,1,1,0
156,37,IN,250/500,500,1090.65,0,MALE,High School,exec-managerial,unmarried,263,1993,Multi-vehicle Collision,Rear Collision,Minor Damage,Police,NC,Columbus,16,4,,1,2,YES,0,-51800,53400,5340,5340,42720,48.96,Honda,Civic,2010,5,2015,1,1,1
123,31,IN,250/500,500,1326.00,0,FEMALE,Associate,prof-specialty,wife,114,2005,Single Vehicle Collision,Side Collision,Total Loss,Fire,SC,Northbrook,13,1,,1,2,NO,0,-54600,72120,12020,12020,48080,54.39,Mercedes,ML350,2009,6,2015,2,4,0
231,43,IL,250/500,2000,972.47,0,MALE,College,protective-serv,wife,104,2006,Multi-vehicle Collision,Front Collision,Minor Damage,Police,PA,Hillsdale,15,3,YES,2,2,YES,0,-58100,77100,7710,15420,53970,79.28,Audi,A3,2010,5,2015,2,1,0
247,39,IL,100/300,500,806.31,0,FEMALE,College,handlers-cleaners,wife,254,1993,Parked Car,,Trivial Damage,Police,SC,Northbend,3,1,,2,3,,0,0,3300,600,0,2700,4.09,Dodge,RAM,2003,12,2015,2,2,0
194,35,IL,500/1000,500,1416.24,0,FEMALE,MD,adm-clerical,not-in-family,35,2012,Parked Car,,Minor Damage,None,WV,Northbend,7,1,YES,1,0,,0,0,5940,1080,540,4320,4.19,Nissan,Pathfinder,2003,12,2015,2,1,0
119,27,IN,250/500,2000,1097.64,0,MALE,High School,transport-moving,other-relative,210,1997,Multi-vehicle Collision,Rear Collision,Major Damage,Other,PA,Northbend,16,2,NO,1,0,,27100,0,63720,7080,21240,35400,58.05,Accura,TL,2006,9,2015,2,3,0
259,43,IL,100/300,500,947.75,0,FEMALE,Masters,farming-fishing,not-in-family,67,2009,Vehicle Theft,,Trivial Damage,Police,SC,Riverwood,15,1,NO,1,3,NO,0,-39300,7680,1280,640,5760,8.10,Audi,A5,2008,7,2015,2,2,0
107,31,IL,100/300,2000,1018.73,5000000,MALE,Associate,handlers-cleaners,own-child,242,1994,Multi-vehicle Collision,Side Collision,Total Loss,Police,NY,Riverwood,21,3,YES,1,2,,20000,-82700,93730,14420,21630,57680,92.01,Honda,CRV,2001,14,2015,1,4,0
48,44,IL,100/300,2000,1400.74,0,MALE,College,sales,other-relative,215,1997,Multi-vehicle Collision,Rear Collision,Major Damage,Police,NC,Arlington,23,3,YES,0,2,,34000,-55600,87300,17460,17460,52380,62.32,Jeep,Wrangler,2013,2,2015,1,3,0
267,40,IL,250/500,500,1155.53,5000000,MALE,JD,transport-moving,wife,63,2009,Parked Car,,Trivial Damage,Police,NY,Columbus,5,1,,0,2,NO,0,-35200,5670,1260,630,3780,4.91,Ford,F150,1997,18,2015,1,2,0
286,47,IN,250/500,500,1386.93,0,MALE,High School,priv-house-serv,husband,146,2002,Multi-vehicle Collision,Rear Collision,Minor Damage,Other,NY,Springfield,15,3,YES,0,0,NO,54100,-77600,65800,13160,6580,46060,47.44,Accura,TL,2001,14,2015,1,1,0
175,34,OH,100/300,500,915.29,0,FEMALE,JD,handlers-cleaners,wife,237,1995,Single Vehicle Collision,Front Collision,Major Damage,Other,NY,Arlington,14,1,,2,1,YES,82400,-57100,36720,4080,4080,28560,40.12,Honda,Accord,2009,6,2015,2,3,1
111,29,IL,250/500,500,1239.55,2000000,FEMALE,PhD,farming-fishing,own-child,48,2011,Single Vehicle Collision,Side Collision,Major Damage,Fire,SC,Riverwood,1,1,,1,1,YES,0,0,52800,4800,9600,38400,42.60,Mercedes,ML350,1996,19,2015,1,3,1
151,37,IN,250/500,500,1366.42,0,FEMALE,Associate,protective-serv,unmarried,28,2012,Multi-vehicle Collision,Rear Collision,Total Loss,Fire,SC,Arlington,14,3,NO,1,2,YES,44000,0,59100,5910,5910,47280,43.25,Nissan,Maxima,1998,17,2015,2,4,1
156,37,OH,500/1000,1000,1086.48,6000000,MALE,Associate,machine-op-inspct,unmarried,279,1991,Multi-vehicle Collision,Rear Collision,Total Loss,Other,NY,Northbrook,17,3,,1,1,YES,0,-53800,77440,14080,7040,56320,71.28,Suburu,Legacy,1999,16,2015,1,4,0
165,36,IL,250/500,2000,1247.87,0,MALE,Masters,armed-forces,husband,51,2010,Multi-vehicle Collision,Side Collision,Total Loss,Fire,NY,Northbend,20,3,NO,2,2,NO,0,-39700,45700,4570,4570,36560,36.62,BMW,3 Series,2008,7,2015,1,4,0
253,41,OH,100/300,2000,1312.75,0,FEMALE,PhD,sales,other-relative,21,2013,Multi-vehicle Collision,Rear Collision,Major Damage,Other,SC,Springfield,10,3,NO,2,2,YES,81300,0,80740,7340,14680,58720,61.50,Toyota,Camry,2014,1,2015,1,3,1
10,26,IN,100/300,2000,765.64,0,MALE,MD,sales,not-in-family,80,2008,Multi-vehicle Collision,Front Collision,Major Damage,Ambulance,SC,Northbrook,3,3,,0,3,,0,-22200,31350,2850,5700,22800,40.95,Honda,Accord,2001,14,2015,2,3,1
158,33,OH,100/300,2000,1327.41,0,FEMALE,Associate,handlers-cleaners,other-relative,13,2013,Single Vehicle Collision,Side Collision,Total Loss,Other,SC,Hillsdale,0,1,,0,0,,0,-38600,35000,3500,7000,24500,26.37,Suburu,Legacy,2012,3,2015,1,4,0
436,59,OH,500/1000,1000,1338.55,0,MALE,PhD,protective-serv,own-child,53,2010,Multi-vehicle Collision,Side Collision,Total Loss,Police,WV,Hillsdale,10,3,,2,2,NO,39000,0,68000,13600,6800,47600,50.80,Toyota,Corolla,2014,1,2015,1,4,0
91,30,IL,250/500,2000,1316.63,8000000,FEMALE,Masters,machine-op-inspct,unmarried,55,2010,Multi-vehicle Collision,Side Collision,Minor Damage,Other,SC,Northbend,13,3,YES,2,0,,43900,0,84500,13000,13000,58500,64.18,BMW,X6,2009,6,2015,1,1,0
256,42,IL,500/1000,1000,1286.44,0,FEMALE,MD,transport-moving,wife,273,1992,Single Vehicle Collision,Rear Collision,Minor Damage,Police,WV,Northbend,14,1,NO,2,1,,0,-39500,75500,7550,15100,52850,58.69,Nissan,Ultima,1998,17,2015,1,1,0
274,46,OH,500/1000,1000,1372.18,0,MALE,High School,exec-managerial,not-in-family,215,1997,Multi-vehicle Collision,Side Collision,Total Loss,Other,WV,Riverwood,22,3,NO,1,3,,0,0,90600,15100,15100,60400,66.03,BMW,X5,2009,6,2015,1,4,0
275,45,IN,500/1000,2000,1447.77,0,FEMALE,Associate,adm-clerical,wife,277,1991,Multi-vehicle Collision,Side Collision,Total Loss,Ambulance,VA,Northbend,8,3,YES,1,1,,39400,-63900,64320,5360,10720,48240,44.43,Accura,MDX,1998,17,2015,1,4,0
1,33,IL,250/500,500,903.32,0,FEMALE,High School,transport-moving,not-in-family,232,1995,Multi-vehicle Collision,Rear Collision,Minor Damage,Police,NY,Northbend,1,3,,1,0,,0,0,31700,6340,3170,22190,35.09,Toyota,Highlander,2006,9,2015,1,1,0
85,30,IN,500/1000,1000,1454.42,0,MALE,Associate,protective-serv,other-relative,255,1993,Single Vehicle Collision,Side Collision,Major Damage,Other,NY,Springfield,19,1,YES,0,1,YES,51600,-73900,74280,12380,12380,49520,51.07,Suburu,Forrestor,2006,9,2015,1,3,1
233,37,IL,100/300,2000,1603.42,0,FEMALE,High School,sales,wife,279,1991,Single Vehicle Collision,Front Collision,Total Loss,Fire,NY,Columbus,17,1,YES,0,2,YES,61600,-30200,80520,13420,6710,60390,50.22,Toyota,Corolla,2005,10,2015,2,4,0
142,30,IN,250/500,2000,1616.58,0,MALE,JD,adm-clerical,husband,151,2002,Multi-vehicle Collision,Rear Collision,Major Damage,Other,SC,Hillsdale,13,3,YES,0,3,YES,58500,-46800,63600,6360,12720,44520,39.34,Dodge,RAM,2010,5,2015,2,3,0
266,44,IL,250/500,500,1611.83,0,MALE,High School,handlers-cleaners,husband,181,1999,Single Vehicle Collision,Front Collision,Total Loss,Police,WV,Riverwood,4,1,,1,2,YES,0,0,32800,3280,3280,26240,20.35,BMW,3 Series,2012,3,2015,1,4,0
350,50,OH,500/1000,500,889.13,0,FEMALE,Masters,priv-house-serv,other-relative,115,2005,Multi-vehicle Collision,Rear Collision,Total Loss,Police,PA,Northbend,14,3,NO,0,2,NO,0,0,44190,9820,4910,29460,49.70,Audi,A3,2015,0,2015,2,4,0
97,26,IL,250/500,1000,1252.08,0,MALE,College,exec-managerial,not-in-family,279,1991,Multi-vehicle Collision,Rear Collision,Major Damage,Other,VA,Springfield,4,2,YES,2,2,NO,0,0,50400,10080,5040,35280,40.25,Honda,CRV,2000,15,2015,2,3,1
399,55,IL,500/1000,2000,995.56,0,MALE,JD,tech-support,not-in-family,262,1993,Multi-vehicle Collision,Side Collision,Total Loss,Police,NY,Northbend,23,3,YES,1,1,YES,0,-65400,88400,17680,8840,61880,88.79,Nissan,Pathfinder,2010,5,2015,2,4,0
305,49,IL,100/300,2000,1347.92,0,FEMALE,High School,farming-fishing,own-child,66,2009,Multi-vehicle Collision,Front Collision,Total Loss,Fire,NY,Hillsdale,21,3,YES,0,2,,0,-42100,66550,12100,6050,48400,49.37,Volkswagen,Jetta,2003,12,2015,2,4,0
276,47,IN,100/300,1000,1724.09,0,MALE,PhD,craft-repair,own-child,259,1993,Multi-vehicle Collision,Rear Collision,Minor Damage,Police,NY,Arlington,23,3,YES,0,0,,0,0,65780,5980,11960,47840,38.15,Chevrolet,Tahoe,2014,1,2015,1,1,0
257,40,IN,250/500,500,1379.93,0,MALE,MD,armed-forces,husband,31,2012,Multi-vehicle Collision,Side Collision,Major Damage,Other,NY,Columbus,6,3,,0,2,YES,0,0,51810,9420,4710,37680,37.55,Audi,A3,2002,13,2015,2,3,1
78,31,IN,250/500,1000,1554.64,4000000,MALE,PhD,protective-serv,own-child,193,1999,Single Vehicle Collision,Front Collision,Major Damage,Other,WV,Springfield,21,1,NO,1,0,NO,0,-27900,55660,5060,10120,40480,35.80,Honda,CRV,2009,6,2015,2,3,1
129,28,OH,500/1000,1000,1377.94,0,MALE,Masters,machine-op-inspct,not-in-family,300,1990,Single Vehicle Collision,Side Collision,Major Damage,Fire,NY,Springfield,23,1,,2,3,,0,0,44640,9920,4960,29760,32.40,Toyota,Camry,2005,10,2015,2,3,0
283,46,IL,500/1000,2000,1313.33,0,FEMALE,PhD,transport-moving,husband,173,2000,Multi-vehicle Collision,Front Collision,Major Damage,Ambulance,NY,Riverwood,3,3,,1,3,NO,53500,-73600,77660,7060,14120,56480,59.13,Nissan,Maxima,2004,11,2015,1,3,1
85,25,IN,250/500,500,1259.02,0,FEMALE,JD,tech-support,unmarried,77,2008,Parked Car,,Trivial Damage,None,SC,Northbend,8,1,NO,2,2,,67000,-53600,5640,940,940,3760,4.48,Nissan,Ultima,2005,10,2015,2,2,0
101,26,IL,500/1000,1000,1371.88,0,FEMALE,MD,prof-specialty,husband,282,1991,Parked Car,,Trivial Damage,None,VA,Arlington,4,1,,2,2,,0,0,3190,580,580,2030,2.33,Suburu,Legacy,1995,20,2015,2,2,0
96,30,OH,100/300,500,1399.27,6000000,MALE,College,prof-specialty,wife,161,2001,Single Vehicle Collision,Side Collision,Total Loss,Fire,NC,Arlington,22,1,,0,0,YES,38900,-48700,53440,0,6680,46760,38.19,Ford,Escape,2004,11,2015,2,4,0
121,31,IL,500/1000,1000,1061.98,6000000,FEMALE,JD,armed-forces,unmarried,95,2007,Single Vehicle Collision,Rear Collision,Minor Damage,Police,WV,Hillsdale,16,1,NO,0,1,YES,0,0,65250,7250,7250,50750,61.44,BMW,3 Series,2002,13,2015,2,1,0
176,39,OH,250/500,500,1365.46,4000000,MALE,College,armed-forces,unmarried,51,2010,Multi-vehicle Collision,Side Collision,Minor Damage,Fire,SC,Columbus,14,3,NO,2,1,NO,0,-56600,44280,4920,4920,34440,32.43,Chevrolet,Silverado,2008,7,2015,2,1,0
159,37,IL,500/1000,1000,894.40,0,MALE,Associate,tech-support,wife,197,1998,Single Vehicle Collision,Rear Collision,Total Loss,Police,NY,Springfield,13,1,YES,2,0,NO,0,-53700,70290,7810,7810,54670,78.59,Dodge,RAM,1999,16,2015,1,4,0
120,30,IN,250/500,500,956.69,0,FEMALE,Associate,priv-house-serv,husband,151,2002,Single Vehicle Collision,Front Collision,Minor Damage,Other,NY,Hillsdale,20,1,,1,1,YES,39600,-64300,87100,8710,8710,69680,91.04,Saab,92x,2000,15,2015,2,1,0
212,35,IN,500/1000,2000,1123.89,0,MALE,MD,priv-house-serv,unmarried,297,1990,Multi-vehicle Collision,Front Collision,Total Loss,Fire,NY,Columbus,0,3,,1,3,,35400,-49200,50380,4580,4580,41220,44.83,Suburu,Forrestor,1996,19,2015,1,4,0
290,45,IL,100/300,500,1085.03,0,FEMALE,JD,sales,wife,205,1998,Multi-vehicle Collision,Side Collision,Total Loss,Police,VA,Arlington,23,3,YES,2,2,NO,0,-61000,64800,12960,6480,45360,59.72,Audi,A3,2014,1,2015,3,4,1
299,42,OH,100/300,2000,1437.33,0,FEMALE,Associate,craft-repair,wife,79,2008,Single Vehicle Collision,Rear Collision,Minor Damage,Other,SC,Columbus,13,1,YES,1,3,NO,25000,0,70400,12800,12800,44800,48.98,BMW,3 Series,2000,15,2015,2,1,0
66,26,IL,250/500,1000,988.29,0,MALE,College,armed-forces,own-child,195,1998,Single Vehicle Collision,Rear Collision,Major Damage,Police,NY,Northbend,8,1,,2,2,YES,0,0,57860,0,10520,47340,58.55,Suburu,Impreza,2008,7,2015,2,3,1
334,47,IL,500/1000,500,1238.89,0,MALE,Masters,protective-serv,other-relative,164,2001,Vehicle Theft,,Minor Damage,None,WV,Northbend,3,1,,0,3,NO,0,0,6240,960,960,4320,5.04,Ford,Fusion,2011,4,2015,1,1,0
216,38,IN,100/300,1000,1384.64,5000000,FEMALE,Associate,tech-support,unmarried,7,2014,Single Vehicle Collision,Rear Collision,Total Loss,Police,VA,Columbus,16,1,,2,3,NO,0,0,66600,16650,11100,38850,48.10,Jeep,Grand Cherokee,2012,3,2015,1,4,1
86,28,IN,100/300,2000,1595.07,0,MALE,PhD,transport-moving,unmarried,282,1991,Single Vehicle Collision,Side Collision,Minor Damage,Police,VA,Hillsdale,19,1,YES,0,2,YES,75800,0,70920,11820,11820,47280,44.46,Jeep,Wrangler,2002,13,2015,2,1,0
429,56,OH,250/500,1000,1127.89,6000000,MALE,Associate,machine-op-inspct,own-child,193,1998,Single Vehicle Collision,Rear Collision,Minor Damage,Ambulance,WV,Springfield,0,1,YES,2,0,YES,67400,-43800,39480,6580,6580,26320,35.00,Suburu,Forrestor,2002,13,2015,1,1,0
257,43,IN,500/1000,2000,929.70,6000000,FEMALE,PhD,handlers-cleaners,husband,191,1999,Single Vehicle Collision,Front Collision,Total Loss,Other,VA,Arlington,12,1,,2,2,YES,46400,-74300,63240,10540,5270,47430,68.02,Mercedes,E400,2005,10,2015,1,4,0
15,34,IL,100/300,1000,1829.63,0,MALE,JD,tech-support,not-in-family,208,1997,Multi-vehicle Collision,Side Collision,Total Loss,Other,SC,Arlington,21,3,YES,1,0,,56700,0,67650,12300,6150,49200,36.97,Audi,A5,2009,6,2015,2,4,0
230,39,IL,100/300,1000,904.70,7000000,FEMALE,MD,craft-repair,unmarried,183,1999,Single Vehicle Collision,Front Collision,Major Damage,Fire,SC,Riverwood,0,1,,1,3,NO,68600,-22300,74200,14840,14840,44520,82.02,Accura,TL,2002,13,2015,2,3,1
250,43,OH,500/1000,1000,1243.84,0,FEMALE,JD,tech-support,own-child,18,2013,Single Vehicle Collision,Side Collision,Minor Damage,Other,VA,Columbus,22,1,YES,1,3,NO,47900,-73400,64900,12980,12980,38940,52.18,Volkswagen,Jetta,2011,4,2015,1,1,0
270,44,IL,500/1000,2000,1030.95,0,FEMALE,Associate,machine-op-inspct,other-relative,139,2003,Multi-vehicle Collision,Rear Collision,Major Damage,Ambulance,NC,Northbend,20,3,,1,0,NO,47200,0,35900,7180,3590,25130,34.82,Audi,A3,2007,8,2015,2,3,1
65,26,IN,100/300,500,1285.03,3000000,FEMALE,High School,craft-repair,unmarried,113,2005,Single Vehicle Collision,Rear Collision,Minor Damage,Fire,VA,Riverwood,0,1,NO,1,3,,0,-41500,52200,5220,10440,36540,40.62,Honda,CRV,2011,4,2015,2,1,0
475,57,OH,100/300,500,1216.56,0,MALE,Masters,adm-clerical,own-child,239,1995,Single Vehicle Collision,Front Collision,Minor Damage,Police,SC,Hillsdale,20,1,,0,2,NO,67400,-83200,78000,6500,13000,58500,64.12,Suburu,Forrestor,2000,15,2015,1,1,0
77,27,IN,500/1000,2000,966.26,0,FEMALE,High School,adm-clerical,own-child,190,1999,Multi-vehicle Collision,Front Collision,Minor Damage,Ambulance,NY,Springfield,1,3,YES,0,0,,56400,-32800,67200,6720,6720,53760,69.55,Volkswagen,Passat,1995,20,2015,2,1,0
256,43,OH,100/300,500,1203.17,0,FEMALE,MD,prof-specialty,unmarried,2,2014,Single Vehicle Collision,Rear Collision,Total Loss,Fire,WV,Hillsdale,11,1,NO,0,0,,56700,-65600,63250,11500,5750,46000,52.57,Nissan,Ultima,1997,18,2015,2,4,0
229,37,IL,250/500,2000,1212.12,0,FEMALE,MD,craft-repair,not-in-family,211,1997,Multi-vehicle Collision,Side Collision,Major Damage,Other,WV,Columbus,14,3,YES,1,1,YES,65600,0,68760,11460,5730,51570,56.73,Ford,Fusion,1995,20,2015,1,3,0
110,28,OH,250/500,1000,1573.93,0,MALE,College,other-service,other-relative,18,2013,Multi-vehicle Collision,Side Collision,Minor Damage,Police,NY,Springfield,20,3,YES,0,2,,30400,0,65040,10840,10840,43360,41.32,Suburu,Impreza,2010,5,2015,1,1,0
177,33,IL,100/300,1000,1609.67,0,MALE,College,adm-clerical,wife,145,2002,Single Vehicle Collision,Side Collision,Major Damage,Ambulance,SC,Springfield,22,1,,1,3,,0,-13200,82800,20700,13800,48300,51.44,Jeep,Grand Cherokee,2004,11,2015,1,3,1
292,44,OH,500/1000,500,1097.57,0,MALE,PhD,priv-house-serv,unmarried,216,1997,Single Vehicle Collision,Side Collision,Total Loss,Other,SC,Columbus,12,1,NO,1,0,YES,0,0,61700,6170,6170,49360,56.22,Saab,93,2005,10,2015,2,4,0
451,61,IN,250/500,2000,1618.65,2000000,FEMALE,Associate,transport-moving,unmarried,200,1998,Multi-vehicle Collision,Rear Collision,Major Damage,Ambulance,OH,Columbus,3,3,YES,2,1,YES,0,-42600,78100,15620,7810,54670,48.25,Chevrolet,Tahoe,1997,18,2015,2,3,1
61,24,IN,100/300,500,922.67,0,FEMALE,College,priv-house-serv,other-relative,227,1996,Multi-vehicle Collision,Rear Collision,Major Damage,Ambulance,SC,Northbend,15,3,YES,2,1,,47400,0,65520,9360,9360,46800,71.01,Toyota,Highlander,2011,4,2015,1,3,1
150,30,IN,100/300,1000,1342.02,0,MALE,MD,prof-specialty,own-child,123,2004,Parked Car,,Trivial Damage,None,VA,Arlington,8,1,YES,0,2,NO,0,0,4500,450,450,3600,3.35,Saab,93,1999,16,2015,2,2,0
283,41,OH,100/300,500,1195.01,0,FEMALE,Associate,sales,own-child,27,2012,Multi-vehicle Collision,Side Collision,Major Damage,Other,WV,Northbend,13,3,NO,0,2,,60700,-54300,42700,0,6100,36600,35.73,Mercedes,ML350,2011,4,2015,1,3,1
291,46,OH,500/1000,1000,994.74,0,FEMALE,High School,adm-clerical,own-child,105,2006,Parked Car,,Minor Damage,Police,SC,Hillsdale,8,1,NO,2,2,YES,0,-55300,5580,620,620,4340,5.61,Volkswagen,Passat,2005,10,2015,1,1,1
162,31,IN,100/300,1000,1050.24,0,FEMALE,Masters,adm-clerical,wife,108,2006,Parked Car,,Minor Damage,None,NC,Arlington,7,1,,0,0,NO,30700,0,3600,360,720,2520,3.43,BMW,X5,2013,2,2015,2,1,1
154,36,IL,250/500,2000,1313.51,7000000,FEMALE,Masters,exec-managerial,own-child,134,2003,Vehicle Theft,,Trivial Damage,None,SC,Northbrook,9,1,,2,0,,68500,0,2800,280,280,2240,2.13,Volkswagen,Passat,2015,0,2015,2,2,0
289,47,OH,500/1000,2000,1102.29,0,FEMALE,Associate,adm-clerical,own-child,186,1999,Single Vehicle Collision,Front Collision,Minor Damage,Ambulance,VA,Northbend,15,1,NO,1,0,YES,73000,-37900,54000,6000,6000,42000,48.99,Toyota,Highlander,1996,19,2015,1,1,0
10,19,IN,250/500,1000,1185.78,0,FEMALE,JD,craft-repair,wife,6,2014,Single Vehicle Collision,Side Collision,Minor Damage,Police,NC,Northbend,5,1,,0,2,,0,-60700,48950,4450,8900,35600,41.28,Accura,TL,2011,4,2015,2,1,1
309,47,IL,500/1000,500,1527.95,0,MALE,PhD,exec-managerial,other-relative,44,2011,Multi-vehicle Collision,Rear Collision,Major Damage,Other,WV,Northbend,15,4,YES,0,1,,69400,0,77800,15560,15560,46680,50.92,Dodge,RAM,2002,13,2015,2,3,0
396,57,IN,100/300,1000,1366.39,0,MALE,High School,protective-serv,other-relative,267,1992,Multi-vehicle Collision,Front Collision,Major Damage,Other,NC,Columbus,22,3,YES,2,1,NO,0,-22400,52560,11680,5840,35040,38.47,Saab,93,1995,20,2015,1,3,0
273,41,OH,500/1000,1000,1403.90,0,FEMALE,PhD,farming-fishing,own-child,59,2010,Multi-vehicle Collision,Side Collision,Total Loss,Police,VA,Riverwood,16,2,,1,2,YES,0,0,44110,4010,8020,32080,31.42,Honda,Accord,2015,0,2015,1,4,0
129,30,IL,500/1000,2000,927.23,0,FEMALE,PhD,sales,husband,92,2007,Single Vehicle Collision,Front Collision,Total Loss,Other,SC,Hillsdale,7,1,NO,1,3,,51500,0,74360,13520,6760,54080,80.20,Suburu,Forrestor,2009,6,2015,1,4,0
140,31,OH,250/500,2000,1554.86,6000000,FEMALE,JD,armed-forces,wife,213,1997,Parked Car,,Minor Damage,None,WV,Arlington,2,1,YES,1,2,,59000,0,6120,680,680,4760,3.94,Honda,Civic,2002,13,2015,2,1,1
419,53,IL,500/1000,2000,736.07,6000000,MALE,College,transport-moving,unmarried,205,1998,Multi-vehicle Collision,Side Collision,Minor Damage,Police,SC,Northbend,17,4,,0,0,YES,45700,0,62280,5190,10380,46710,84.61,Suburu,Forrestor,2012,3,2015,2,1,0
315,44,IL,250/500,1000,974.16,6000000,FEMALE,Masters,sales,other-relative,261,1993,Multi-vehicle Collision,Front Collision,Total Loss,Other,NY,Springfield,12,3,,1,0,YES,0,-56800,26730,4860,4860,17010,27.44,Volkswagen,Jetta,2006,9,2015,2,4,0
72,29,OH,500/1000,500,973.80,0,FEMALE,Associate,craft-repair,own-child,245,1994,Single Vehicle Collision,Rear Collision,Major Damage,Ambulance,WV,Arlington,9,1,,1,0,NO,0,-85900,66200,6620,6620,52960,67.98,Dodge,Neon,2013,2,2015,1,3,0
32,26,OH,100/300,2000,1260.32,6000000,MALE,JD,other-service,not-in-family,3,2014,Single Vehicle Collision,Side Collision,Total Loss,Fire,VA,Northbrook,16,1,,1,2,,0,-79800,45500,9100,4550,31850,36.10,Toyota,Corolla,2009,6,2015,2,4,0
230,41,IN,100/300,1000,1464.03,0,MALE,JD,transport-moving,own-child,278,1991,Multi-vehicle Collision,Side Collision,Minor Damage,Ambulance,NY,Springfield,19,3,,2,0,,0,0,53040,4420,4420,44200,36.23,Audi,A3,2006,9,2015,2,1,0
157,32,OH,100/300,2000,617.11,0,MALE,College,other-service,other-relative,63,2009,Multi-vehicle Collision,Front Collision,Major Damage,Other,VA,Columbus,14,3,,1,2,NO,0,-54100,50800,10160,5080,35560,82.32,Mercedes,E400,2013,2,2015,1,3,1
265,41,IN,250/500,2000,1724.46,6000000,FEMALE,Associate,craft-repair,own-child,208,1997,Multi-vehicle Collision,Side Collision,Total Loss,Police,SC,Northbend,18,3,,1,3,,81800,0,44200,4420,4420,35360,25.63,Audi,A5,2014,1,2015,1,4,0
47,34,IL,500/1000,500,1161.31,0,FEMALE,PhD,exec-managerial,other-relative,133,2003,Single Vehicle Collision,Front Collision,Minor Damage,Police,SC,Springfield,23,1,YES,1,3,,64800,-24300,62920,11440,5720,45760,54.18,Chevrolet,Malibu,2012,3,2015,1,1,0
113,29,OH,250/500,2000,1091.73,0,MALE,PhD,exec-managerial,not-in-family,84,2008,Multi-vehicle Collision,Rear Collision,Minor Damage,Other,NY,Springfield,15,3,,0,2,YES,36100,-42300,49950,5550,5550,38850,45.75,Nissan,Ultima,2004,11,2015,1,1,1
289,46,IL,250/500,2000,1209.07,0,MALE,JD,armed-forces,unmarried,129,2004,Single Vehicle Collision,Rear Collision,Minor Damage,Ambulance,NC,Arlington,18,1,YES,0,1,YES,0,0,56430,6270,6270,43890,46.67,BMW,3 Series,1995,20,2015,2,1,1
254,41,IL,250/500,2000,1241.04,0,FEMALE,Masters,protective-serv,own-child,13,2013,Single Vehicle Collision,Front Collision,Minor Damage,Police,NY,Riverwood,16,1,NO,2,2,YES,0,0,100210,18220,18220,63770,80.75,Audi,A5,2014,1,2015,1,1,0
115,30,OH,500/1000,500,1757.21,0,MALE,High School,prof-specialty,wife,174,2000,Multi-vehicle Collision,Front Collision,Minor Damage,Fire,NY,Northbend,12,3,NO,1,0,YES,46400,0,49140,5460,5460,38220,27.96,Ford,F150,2007,8,2015,2,1,0
236,38,OH,250/500,1000,802.24,0,FEMALE,College,other-service,not-in-family,268,1992,Single Vehicle Collision,Side Collision,Major Damage,Ambulance,WV,Northbrook,16,1,NO,0,1,,0,-62500,66840,16710,5570,44560,83.32,Mercedes,E400,2014,1,2015,2,3,0
7,21,IN,500/1000,1000,1342.72,0,MALE,Associate,machine-op-inspct,wife,279,1991,Single Vehicle Collision,Front Collision,Total Loss,Other,NY,Hillsdale,21,1,,1,2,,0,-45300,62460,6940,6940,48580,46.52,Honda,Accord,2003,12,2015,2,4,0
208,36,OH,100/300,2000,1209.41,5000000,MALE,JD,machine-op-inspct,wife,232,1995,Multi-vehicle Collision,Side Collision,Total Loss,Other,NY,Columbus,15,3,YES,0,1,,0,0,62810,11420,11420,39970,51.93,Nissan,Ultima,1999,16,2015,2,4,0
126,33,OH,500/1000,1000,1141.71,2000000,FEMALE,JD,priv-house-serv,own-child,87,2007,Single Vehicle Collision,Front Collision,Major Damage,Ambulance,WV,Northbrook,21,1,YES,1,2,,36700,-73400,54160,6770,6770,40620,47.44,Suburu,Legacy,2009,6,2015,1,3,0
48,35,IL,100/300,500,1090.03,0,FEMALE,JD,exec-managerial,unmarried,80,2008,Single Vehicle Collision,Rear Collision,Major Damage,Ambulance,WV,Arlington,1,1,YES,0,2,NO,0,-51000,48400,9680,4840,33880,44.40,Saab,92x,2005,10,2015,1,3,0
297,48,IN,250/500,1000,1464.73,3000000,MALE,PhD,exec-managerial,other-relative,67,2009,Multi-vehicle Collision,Side Collision,Total Loss,Fire,NY,Arlington,17,3,,0,0,NO,54900,-36700,51480,5720,5720,40040,35.15,Toyota,Highlander,2013,2,2015,1,4,0
160,36,OH,100/300,1000,1118.58,0,FEMALE,High School,prof-specialty,husband,32,2012,Multi-vehicle Collision,Rear Collision,Total Loss,Fire,NY,Columbus,5,3,NO,2,1,NO,0,-36600,51700,5170,10340,36190,46.22,Saab,95,2003,12,2015,1,4,0
406,58,OH,250/500,2000,1117.04,0,MALE,MD,exec-managerial,own-child,135,2003,Multi-vehicle Collision,Front Collision,Total Loss,Other,WV,Northbend,15,3,,1,2,,0,-42700,65520,10920,5460,49140,58.66,Volkswagen,Jetta,2009,6,2015,1,4,0
157,31,IN,500/1000,500,1257.83,7000000,MALE,High School,farming-fishing,own-child,294,1990,Multi-vehicle Collision,Rear Collision,Major Damage,Other,OH,Arlington,2,4,NO,2,2,NO,40700,-41600,47700,4770,9540,33390,37.92,Accura,TL,2011,4,2015,2,3,1
146,31,OH,250/500,2000,1082.72,0,FEMALE,PhD,machine-op-inspct,not-in-family,208,1997,Vehicle Theft,,Minor Damage,None,SC,Northbend,3,1,YES,2,0,NO,61400,-57500,5220,580,580,4060,4.82,Accura,MDX,2015,0,2015,1,1,0
409,57,IN,100/300,1000,1191.80,6000000,MALE,High School,protective-serv,unmarried,234,1995,Single Vehicle Collision,Side Collision,Major Damage,Other,NY,Riverwood,19,1,NO,1,0,,55600,0,73320,6110,12220,54990,61.52,Ford,Fusion,2012,3,2015,1,3,0
252,46,IN,100/300,1000,1242.02,0,MALE,Masters,adm-clerical,wife,113,2005,Single Vehicle Collision,Front Collision,Minor Damage,Fire,VA,Hillsdale,17,1,YES,0,2,YES,0,-28800,74900,14980,7490,52430,60.30,Jeep,Grand Cherokee,2003,12,2015,2,1,0
6,27,OH,250/500,500,1075.71,0,FEMALE,High School,prof-specialty,unmarried,270,1992,Vehicle Theft,,Trivial Damage,Police,WV,Columbus,7,1,,0,1,YES,0,-47400,3190,580,290,2320,2.97,Saab,95,2015,0,2015,2,2,0
103,33,IN,100/300,1000,969.88,6000000,MALE,MD,armed-forces,own-child,264,1993,Single Vehicle Collision,Rear Collision,Minor Damage,Ambulance,NY,Columbus,21,1,NO,1,0,YES,0,0,76920,12820,6410,57690,79.31,Chevrolet,Malibu,2002,13,2015,1,1,0
369,53,OH,250/500,2000,1459.93,0,FEMALE,Masters,priv-house-serv,not-in-family,237,1995,Multi-vehicle Collision,Front Collision,Total Loss,Police,WV,Springfield,10,2,YES,1,3,NO,0,0,77990,7090,14180,56720,53.42,Jeep,Wrangler,2012,3,2015,2,4,0
261,46,IL,500/1000,1000,1245.61,0,MALE,MD,transport-moving,own-child,269,1992,Single Vehicle Collision,Front Collision,Total Loss,Fire,NY,Columbus,11,1,YES,1,0,,0,0,59670,9180,9180,41310,47.90,Ford,Escape,2008,7,2015,2,4,0
159,33,IN,100/300,2000,1462.76,0,FEMALE,College,craft-repair,husband,91,2007,Multi-vehicle Collision,Rear Collision,Major Damage,Ambulance,NY,Columbus,23,3,YES,2,0,NO,69200,-36900,44880,8160,4080,32640,30.68,Mercedes,C300,2004,11,2015,2,3,1
344,51,IN,100/300,2000,1398.46,0,MALE,Associate,sales,other-relative,274,1992,Single Vehicle Collision,Side Collision,Minor Damage,Ambulance,NC,Northbend,14,1,,0,2,NO,0,0,82830,7530,15060,60240,59.23,Audi,A5,2004,11,2015,2,1,0
437,60,OH,500/1000,1000,1269.64,0,FEMALE,College,armed-forces,unmarried,205,1998,Single Vehicle Collision,Front Collision,Minor Damage,Other,SC,Riverwood,10,1,NO,1,3,NO,48800,0,84480,7680,15360,61440,66.54,Chevrolet,Silverado,2012,3,2015,2,1,1
65,30,IN,100/300,500,1455.65,4000000,FEMALE,College,transport-moving,wife,65,2009,Multi-vehicle Collision,Side Collision,Total Loss,Fire,WV,Hillsdale,6,3,,2,3,NO,0,-66300,79800,15960,7980,55860,54.82,Honda,Civic,1999,16,2015,2,4,0
280,41,OH,500/1000,2000,1140.31,0,MALE,MD,adm-clerical,husband,242,1994,Multi-vehicle Collision,Rear Collision,Minor Damage,Police,WV,Arlington,10,3,,0,3,YES,29300,-64700,53020,9640,9640,33740,46.50,Toyota,Corolla,1999,16,2015,2,1,0
269,45,IN,500/1000,500,1330.46,0,FEMALE,High School,machine-op-inspct,wife,221,1996,Multi-vehicle Collision,Side Collision,Total Loss,Police,VA,Hillsdale,5,3,,0,0,NO,54800,-64100,24200,2200,4400,17600,18.19,Suburu,Forrestor,2008,7,2015,1,4,0
275,40,OH,250/500,2000,1190.60,0,MALE,Masters,exec-managerial,unmarried,278,1991,Single Vehicle Collision,Rear Collision,Minor Damage,Fire,OH,Riverwood,17,1,,1,3,YES,0,-45300,43230,7860,7860,27510,36.31,Chevrolet,Silverado,2001,14,2015,1,1,0
265,45,OH,250/500,500,972.50,0,FEMALE,College,exec-managerial,unmarried,195,1998,Vehicle Theft,,Trivial Damage,None,NC,Springfield,3,1,NO,2,3,NO,0,0,3190,290,580,2320,3.28,Ford,Escape,1995,20,2015,1,2,0
283,43,IN,100/300,2000,1161.91,0,FEMALE,Associate,adm-clerical,not-in-family,210,1997,Parked Car,,Minor Damage,None,WV,Northbrook,9,1,,0,3,NO,0,-50400,5850,1300,650,3900,5.03,BMW,M5,2006,9,2015,1,1,0
84,29,OH,250/500,1000,1117.17,0,FEMALE,High School,machine-op-inspct,not-in-family,142,2003,Parked Car,,Trivial Damage,Police,SC,Arlington,6,1,YES,2,0,YES,0,-29900,6820,620,1240,4960,6.10,BMW,3 Series,2005,10,2015,2,2,0
247,44,OH,250/500,2000,1101.51,0,FEMALE,College,farming-fishing,not-in-family,276,1992,Multi-vehicle Collision,Front Collision,Minor Damage,Fire,NY,Riverwood,22,3,NO,2,2,NO,64000,0,69480,11580,11580,46320,63.08,Chevrolet,Tahoe,2008,7,2015,2,1,0
56,29,IL,100/300,1000,1523.17,0,MALE,Masters,prof-specialty,own-child,104,2006,Multi-vehicle Collision,Front Collision,Major Damage,Fire,PA,Northbend,10,3,,1,2,YES,0,0,94560,7880,15760,70920,62.08,Jeep,Grand Cherokee,1995,20,2015,2,3,0
210,39,OH,500/1000,1000,984.45,0,MALE,Associate,armed-forces,unmarried,211,1997,Vehicle Theft,,Minor Damage,None,NC,Riverwood,4,1,YES,1,2,,0,0,7800,780,780,6240,7.92,Dodge,RAM,1997,18,2015,1,1,0
108,32,OH,500/1000,2000,1257.00,4000000,FEMALE,High School,machine-op-inspct,unmarried,100,2006,Single Vehicle Collision,Front Collision,Total Loss,Other,WV,Northbrook,23,1,NO,1,3,NO,63900,-43700,61270,5570,11140,44560,48.74,Suburu,Legacy,1999,16,2015,1,4,0
328,49,OH,500/1000,500,1434.51,0,FEMALE,Masters,transport-moving,wife,160,2001,Single Vehicle Collision,Rear Collision,Total Loss,Police,NY,Riverwood,19,1,,0,2,YES,0,0,71440,8930,8930,53580,49.80,Mercedes,ML350,2005,10,2015,2,4,0
186,37,OH,250/500,2000,1628.00,0,FEMALE,JD,priv-house-serv,unmarried,71,2009,Single Vehicle Collision,Rear Collision,Total Loss,Ambulance,NY,Hillsdale,22,1,YES,1,2,YES,0,0,55600,11120,5560,38920,34.15,Jeep,Grand Cherokee,2009,6,2015,1,4,0
277,44,IN,500/1000,500,1412.31,0,MALE,High School,priv-house-serv,unmarried,164,2001,Vehicle Theft,,Trivial Damage,Police,NC,Riverwood,6,1,NO,1,3,NO,0,0,5000,1000,500,3500,3.54,Jeep,Wrangler,2005,10,2015,2,2,0
138,33,IL,250/500,500,1362.87,5000000,FEMALE,JD,exec-managerial,own-child,217,1997,Single Vehicle Collision,Side Collision,Minor Damage,Other,NY,Springfield,6,1,NO,2,0,,56900,-56900,95810,14740,14740,66330,70.30,BMW,X5,2007,8,2015,2,1,0
208,41,IN,100/300,1000,1134.68,0,FEMALE,College,tech-support,husband,7,2014,Single Vehicle Collision,Rear Collision,Major Damage,Ambulance,SC,Northbend,18,1,NO,2,2,,0,0,69300,6930,13860,48510,61.07,Volkswagen,Jetta,1996,19,2015,1,3,0
147,37,IN,250/500,1000,1306.78,0,MALE,MD,prof-specialty,other-relative,267,1992,Single Vehicle Collision,Front Collision,Total Loss,Ambulance,SC,Northbend,22,1,,1,0,NO,0,0,81120,13520,20280,47320,62.08,Toyota,Camry,1995,20,2015,1,4,0
8,21,IN,500/1000,500,1021.90,0,MALE,High School,handlers-cleaners,husband,28,2012,Single Vehicle Collision,Front Collision,Major Damage,Other,WV,Columbus,21,1,,0,0,,0,0,91260,14040,14040,63180,89.30,Toyota,Corolla,2012,3,2015,2,3,0
297,48,IN,100/300,1000,1538.60,0,FEMALE,MD,other-service,wife,263,1993,Single Vehicle Collision,Side Collision,Minor Damage,Fire,SC,Northbend,12,1,,0,0,,0,-54700,60600,6060,12120,42420,39.39,Ford,Fusion,2004,11,2015,1,1,0
150,31,IN,500/1000,1000,1354.50,0,MALE,Masters,machine-op-inspct,husband,244,1994,Multi-vehicle Collision,Front Collision,Major Damage,Ambulance,NY,Arlington,6,3,,0,3,YES,52800,0,64800,6480,12960,45360,47.84,Suburu,Forrestor,2000,15,2015,1,3,1
4,34,OH,500/1000,500,1282.93,0,FEMALE,College,exec-managerial,other-relative,141,2003,Multi-vehicle Collision,Side Collision,Major Damage,Police,WV,Northbrook,0,4,,0,0,,0,0,66880,6080,12160,48640,52.13,Chevrolet,Silverado,1996,19,2015,2,3,1
210,35,IL,500/1000,1000,1346.27,0,MALE,Masters,farming-fishing,not-in-family,277,1991,Single Vehicle Collision,Front Collision,Total Loss,Ambulance,WV,Arlington,11,1,NO,0,2,,44900,-91400,58200,5820,5820,46560,43.23,BMW,X5,2013,2,2015,1,4,0
91,31,IN,100/300,1000,1338.40,4000000,FEMALE,High School,priv-house-serv,own-child,185,1999,Single Vehicle Collision,Side Collision,Minor Damage,Police,NC,Hillsdale,19,1,,1,0,NO,63600,0,60570,6730,6730,47110,45.26,Nissan,Maxima,2011,4,2015,2,1,0
167,36,IL,100/300,1000,949.44,0,FEMALE,Masters,exec-managerial,other-relative,251,1994,Multi-vehicle Collision,Rear Collision,Major Damage,Ambulance,NC,Springfield,22,3,,0,0,NO,0,-38400,69680,8710,8710,52260,73.39,Mercedes,ML350,2008,7,2015,1,3,1
467,58,IN,500/1000,2000,977.40,0,MALE,Masters,transport-moving,own-child,144,2003,Single Vehicle Collision,Front Collision,Total Loss,Fire,NY,Columbus,2,1,YES,2,3,NO,82200,0,55700,5570,11140,38990,56.99,Nissan,Maxima,2014,1,2015,1,4,0
264,47,IN,250/500,2000,1181.46,10000000,FEMALE,JD,transport-moving,other-relative,119,2005,Multi-vehicle Collision,Front Collision,Total Loss,Ambulance,OH,Arlington,16,4,YES,1,2,YES,0,-67400,62370,5670,5670,51030,52.79,Dodge,Neon,2001,14,2015,2,4,0
270,45,OH,500/1000,500,1187.53,0,FEMALE,PhD,priv-house-serv,not-in-family,138,2003,Multi-vehicle Collision,Side Collision,Total Loss,Other,VA,Columbus,23,3,,0,0,YES,83200,-53300,54340,9880,0,44460,45.76,Saab,92x,2005,10,2015,2,4,0
310,48,OH,100/300,1000,845.16,0,FEMALE,Masters,priv-house-serv,other-relative,151,2002,Single Vehicle Collision,Front Collision,Major Damage,Police,NC,Northbend,21,1,YES,1,0,NO,0,0,55170,6130,6130,42910,65.28,Audi,A5,2005,10,2015,2,3,1
143,34,IL,100/300,500,1442.27,0,MALE,College,priv-house-serv,wife,11,2014,Single Vehicle Collision,Front Collision,Minor Damage,Other,NY,Columbus,10,1,,2,3,YES,67900,0,58500,11700,5850,40950,40.56,Dodge,RAM,1999,16,2015,2,1,0
146,32,OH,100/300,2000,1276.43,0,MALE,Associate,priv-house-serv,own-child,254,1993,Single Vehicle Collision,Rear Collision,Major Damage,Fire,NC,Riverwood,12,1,,0,3,,0,0,59940,6660,6660,46620,46.96,Honda,CRV,1995,20,2015,2,3,0
102,28,OH,250/500,500,1075.41,0,MALE,MD,machine-op-inspct,wife,186,1999,Single Vehicle Collision,Side Collision,Total Loss,Police,PA,Northbend,6,1,NO,1,0,NO,55200,0,73400,7340,7340,58720,68.25,Dodge,Neon,1996,19,2015,2,4,0
61,23,IL,100/300,500,1111.72,0,MALE,JD,exec-managerial,other-relative,95,2007,Single Vehicle Collision,Side Collision,Major Damage,Fire,PA,Riverwood,6,1,,1,2,,54600,0,41850,4650,4650,32550,37.64,Suburu,Legacy,1997,18,2015,2,3,0
255,44,OH,500/1000,2000,814.96,6000000,FEMALE,PhD,priv-house-serv,not-in-family,133,2004,Parked Car,,Trivial Damage,Police,NC,Hillsdale,7,1,,2,2,NO,68500,0,6400,640,1280,4480,7.85,Mercedes,ML350,2005,10,2015,2,2,1
211,40,IL,500/1000,1000,1575.86,0,FEMALE,PhD,other-service,own-child,285,1991,Vehicle Theft,,Trivial Damage,Police,WV,Northbrook,3,1,NO,1,1,NO,0,0,3190,580,290,2320,2.02,Audi,A5,2004,11,2015,1,2,0
61,29,IN,250/500,1000,1115.27,0,MALE,JD,handlers-cleaners,unmarried,238,1995,Parked Car,,Trivial Damage,None,VA,Hillsdale,10,1,YES,2,1,YES,0,-66000,5900,590,590,4720,5.29,Nissan,Pathfinder,2010,5,2015,1,2,0
108,31,IN,500/1000,2000,1175.70,0,MALE,Masters,protective-serv,not-in-family,110,2005,Single Vehicle Collision,Rear Collision,Total Loss,Fire,NY,Columbus,14,1,NO,0,2,NO,0,0,57330,6370,6370,44590,48.76,Dodge,Neon,2006,9,2015,2,4,0
303,50,OH,100/300,500,793.15,0,MALE,MD,tech-support,own-child,157,2001,Multi-vehicle Collision,Front Collision,Total Loss,Other,WV,Hillsdale,17,3,NO,0,3,NO,54600,-45500,81960,13660,13660,54640,103.33,Dodge,Neon,2008,7,2015,1,4,0
152,33,IN,250/500,500,942.51,0,FEMALE,PhD,transport-moving,wife,182,1999,Single Vehicle Collision,Side Collision,Major Damage,Fire,SC,Hillsdale,16,1,YES,0,0,,0,0,70400,6400,19200,44800,74.69,Suburu,Legacy,2001,14,2015,1,3,1
120,34,IN,500/1000,1000,1056.71,0,FEMALE,JD,protective-serv,not-in-family,159,2001,Parked Car,,Minor Damage,None,VA,Columbus,3,1,NO,2,1,,77900,0,3770,580,580,2610,3.57,Jeep,Grand Cherokee,2002,13,2015,1,1,0
144,36,IN,500/1000,2000,1255.68,6000000,FEMALE,Associate,sales,other-relative,256,1993,Parked Car,,Minor Damage,None,NC,Arlington,7,1,NO,0,0,,23600,-15600,7400,740,1480,5180,5.89,Dodge,Neon,2014,1,2015,2,1,0
414,52,IN,500/1000,500,1335.13,0,FEMALE,High School,farming-fishing,unmarried,143,2003,Single Vehicle Collision,Rear Collision,Total Loss,Police,SC,Northbend,13,1,YES,1,1,,44000,-71000,54810,6090,6090,42630,41.05,Chevrolet,Silverado,1999,16,2015,1,4,1
163,37,IN,250/500,500,1178.95,6000000,FEMALE,JD,priv-house-serv,own-child,130,2004,Single Vehicle Collision,Rear Collision,Total Loss,Fire,NY,Springfield,20,1,YES,2,3,YES,0,-67300,49400,4940,9880,34580,41.90,Jeep,Wrangler,2005,10,2015,1,4,0
352,53,IL,250/500,500,1793.16,0,MALE,Associate,tech-support,wife,18,2013,Single Vehicle Collision,Front Collision,Minor Damage,Fire,NC,Riverwood,23,1,YES,2,2,NO,0,0,68750,12500,6250,50000,38.34,Chevrolet,Malibu,2009,6,2015,1,1,0
27,32,OH,100/300,500,1008.38,0,FEMALE,PhD,adm-clerical,other-relative,6,2014,Single Vehicle Collision,Front Collision,Total Loss,Ambulance,SC,Arlington,11,1,NO,1,0,,37900,0,61500,12300,6150,43050,60.99,Dodge,Neon,2013,2,2015,2,4,0
239,39,IL,100/300,500,1396.83,0,FEMALE,Masters,other-service,husband,295,1990,Multi-vehicle Collision,Rear Collision,Major Damage,Ambulance,WV,Northbend,0,4,,0,3,NO,0,0,76890,6990,13980,55920,55.05,BMW,X6,2007,8,2015,1,3,0
33,32,OH,100/300,500,1402.78,5000000,FEMALE,PhD,other-service,husband,83,2008,Single Vehicle Collision,Rear Collision,Minor Damage,Ambulance,NY,Northbrook,2,1,YES,0,1,,70300,-50300,56070,6230,12460,37380,39.97,Toyota,Camry,2012,3,2015,2,1,0
88,30,IN,100/300,1000,1437.88,0,FEMALE,College,transport-moving,husband,270,1992,Single Vehicle Collision,Side Collision,Total Loss,Fire,SC,Northbrook,3,1,NO,2,0,YES,42800,-51200,56000,14000,0,42000,38.95,Chevrolet,Malibu,2003,12,2015,2,4,0
101,33,IL,500/1000,1000,1313.64,0,FEMALE,College,priv-house-serv,unmarried,281,1991,Parked Car,,Trivial Damage,None,NY,Hillsdale,3,1,YES,1,0,NO,12100,0,4290,780,390,3120,3.27,Audi,A3,1997,18,2015,2,2,0
20,37,IL,250/500,500,1482.14,0,FEMALE,Associate,transport-moving,husband,41,2011,Multi-vehicle Collision,Rear Collision,Total Loss,Other,NY,Arlington,15,3,,2,1,NO,33000,-43600,60750,6750,6750,47250,40.99,Suburu,Forrestor,2003,12,2015,2,4,0
126,30,IL,250/500,2000,1171.75,0,FEMALE,Associate,machine-op-inspct,not-in-family,27,2012,Single Vehicle Collision,Side Collision,Minor Damage,Other,NY,Northbend,23,1,,2,3,NO,46500,-42700,48730,4430,4430,39870,41.59,Chevrolet,Malibu,2011,4,2015,1,1,0
264,43,IL,500/1000,2000,1353.33,0,MALE,Associate,adm-clerical,not-in-family,13,2014,Multi-vehicle Collision,Front Collision,Minor Damage,Police,WV,Springfield,9,3,YES,2,0,NO,0,-8500,95150,17300,17300,60550,70.31,Ford,Escape,2007,8,2015,2,1,0
78,24,IN,100/300,500,1175.51,0,MALE,Masters,craft-repair,husband,274,1992,Vehicle Theft,,Minor Damage,Police,NY,Columbus,20,1,,0,1,YES,0,0,7480,680,680,6120,6.36,Dodge,Neon,2003,12,2015,1,1,0
123,28,IL,100/300,2000,1836.02,0,MALE,Masters,transport-moving,own-child,25,2012,Single Vehicle Collision,Side Collision,Major Damage,Ambulance,NC,Riverwood,5,1,,2,1,YES,38000,-41200,79800,13300,6650,59850,43.46,Volkswagen,Passat,2011,4,2015,1,3,1
347,51,OH,500/1000,500,1480.79,9000000,FEMALE,MD,priv-house-serv,unmarried,219,1996,Single Vehicle Collision,Side Collision,Total Loss,Other,NC,Hillsdale,15,1,YES,0,2,,0,-12100,103560,8630,17260,77670,69.94,Jeep,Wrangler,1997,18,2015,1,4,0
163,38,IN,500/1000,2000,1453.92,0,FEMALE,PhD,other-service,other-relative,208,1997,Single Vehicle Collision,Side Collision,Minor Damage,Ambulance,NY,Hillsdale,13,1,YES,2,3,,51700,0,79500,15900,7950,55650,54.68,Accura,MDX,1995,20,2015,2,1,0
271,44,OH,250/500,500,1340.71,0,FEMALE,High School,tech-support,other-relative,83,2008,Single Vehicle Collision,Rear Collision,Minor Damage,Other,SC,Riverwood,16,1,NO,2,2,NO,0,0,76230,6930,13860,55440,56.86,Volkswagen,Passat,1997,18,2015,2,1,1
410,54,IL,100/300,2000,714.03,0,MALE,MD,protective-serv,own-child,54,2010,Single Vehicle Collision,Side Collision,Minor Damage,Ambulance,WV,Northbend,0,1,YES,0,2,NO,0,-17000,59520,9920,9920,39680,83.36,Honda,Accord,2001,14,2015,2,1,0
448,57,IL,100/300,2000,1376.16,0,FEMALE,PhD,tech-support,own-child,119,2005,Multi-vehicle Collision,Front Collision,Major Damage,Police,SC,Arlington,10,3,NO,2,1,,38600,-50300,47760,5970,5970,35820,34.71,Suburu,Impreza,2013,2,2015,2,3,1
218,41,IL,100/300,500,914.22,0,MALE,JD,prof-specialty,wife,13,2013,Multi-vehicle Collision,Side Collision,Total Loss,Police,NY,Springfield,14,3,NO,2,0,NO,37900,-72900,84590,15380,7690,61520,92.53,Saab,93,2013,2,2015,1,4,0
43,38,OH,500/1000,1000,1601.47,0,MALE,PhD,handlers-cleaners,other-relative,11,2014,Multi-vehicle Collision,Front Collision,Total Loss,Other,SC,Columbus,1,3,YES,2,2,,64400,0,61650,6850,6850,47950,38.50,Nissan,Ultima,2006,9,2015,2,4,0
33,33,IL,500/1000,1000,1096.79,6000000,FEMALE,Associate,handlers-cleaners,unmarried,209,1997,Single Vehicle Collision,Rear Collision,Major Damage,Police,VA,Springfield,16,1,,2,1,,45500,-60600,81400,8140,8140,65120,74.22,BMW,M5,1998,17,2015,1,3,0
126,34,IN,100/300,2000,1078.22,0,FEMALE,Masters,transport-moving,wife,87,2007,Multi-vehicle Collision,Side Collision,Major Damage,Fire,SC,Northbend,2,3,NO,0,1,YES,54500,0,58410,10620,5310,42480,54.17,Chevrolet,Tahoe,2007,8,2015,2,3,0
411,56,IL,250/500,1000,1595.28,0,FEMALE,College,protective-serv,other-relative,270,1992,Multi-vehicle Collision,Side Collision,Major Damage,Ambulance,VA,Springfield,23,3,,0,0,,0,0,38610,3510,3510,31590,24.20,Volkswagen,Passat,2007,8,2015,1,3,0
225,37,OH,100/300,1000,1217.84,5000000,FEMALE,High School,farming-fishing,not-in-family,170,2000,Multi-vehicle Collision,Front Collision,Minor Damage,Fire,WV,Northbrook,19,3,,2,2,NO,49600,0,57600,9600,9600,38400,47.30,Volkswagen,Passat,2015,0,2015,2,1,0
35,35,IL,100/300,2000,1117.42,0,FEMALE,PhD,protective-serv,not-in-family,149,2002,Multi-vehicle Collision,Side Collision,Minor Damage,Fire,NC,Hillsdale,23,3,NO,2,2,NO,0,-51900,53190,5910,11820,35460,47.60,Volkswagen,Jetta,1996,19,2015,2,1,0
460,57,OH,100/300,2000,1567.37,0,FEMALE,JD,craft-repair,husband,207,1997,Single Vehicle Collision,Front Collision,Major Damage,Other,NY,Riverwood,10,1,,2,3,NO,62500,0,58300,5830,11660,40810,37.20,Nissan,Maxima,2014,1,2015,2,3,1
195,38,IL,500/1000,2000,1294.93,6000000,MALE,MD,tech-support,unmarried,261,1993,Multi-vehicle Collision,Front Collision,Minor Damage,Ambulance,WV,Springfield,12,3,YES,1,2,NO,38000,-50300,64620,7180,0,57440,49.90,Dodge,Neon,2003,12,2015,2,1,0
360,51,IL,250/500,1000,1152.12,0,MALE,PhD,armed-forces,not-in-family,223,1996,Multi-vehicle Collision,Side Collision,Total Loss,Ambulance,WV,Riverwood,15,3,NO,2,0,YES,0,-62400,90480,15080,15080,60320,78.53,BMW,X6,2000,15,2015,2,4,0
300,49,IL,100/300,1000,1441.21,0,FEMALE,PhD,farming-fishing,wife,229,1995,Vehicle Theft,,Trivial Damage,None,SC,Columbus,3,1,NO,1,0,NO,0,0,7080,1180,1180,4720,4.91,Nissan,Maxima,2001,14,2015,1,2,0
245,42,IL,500/1000,1000,1575.74,7000000,MALE,JD,exec-managerial,other-relative,151,2002,Parked Car,,Minor Damage,Police,PA,Springfield,19,1,,2,2,,0,-68900,6490,590,1180,4720,4.12,Toyota,Camry,2011,4,2015,2,1,1
146,36,OH,500/1000,2000,1233.96,0,FEMALE,Masters,other-service,other-relative,22,2013,Multi-vehicle Collision,Side Collision,Total Loss,Police,NC,Hillsdale,16,3,NO,1,1,NO,34500,-60600,55900,5590,5590,44720,45.30,Nissan,Ultima,2015,0,2015,2,4,0
67,29,IL,250/500,1000,1861.43,0,MALE,High School,adm-clerical,husband,230,1995,Single Vehicle Collision,Rear Collision,Major Damage,Other,SC,Columbus,16,1,NO,0,3,YES,60400,-67800,63800,6380,6380,51040,34.27,Saab,92x,1998,17,2015,1,3,1
380,56,OH,100/300,1000,1570.86,0,MALE,MD,farming-fishing,other-relative,122,2004,Single Vehicle Collision,Side Collision,Total Loss,Police,VA,Northbend,10,1,,0,1,YES,66000,0,58160,7270,7270,43620,37.02,Saab,95,1996,19,2015,1,4,1
389,53,IL,500/1000,2000,791.47,0,MALE,Masters,armed-forces,unmarried,202,1998,Vehicle Theft,,Minor Damage,Police,NC,Riverwood,6,1,NO,1,2,NO,0,0,6300,630,1260,4410,7.96,Mercedes,C300,2001,14,2015,1,1,1
317,46,IN,250/500,1000,1012.78,0,MALE,MD,sales,other-relative,186,1999,Single Vehicle Collision,Front Collision,Major Damage,Fire,WV,Arlington,18,1,NO,2,1,NO,43700,0,104610,19020,19020,66570,103.29,Mercedes,ML350,1999,16,2015,1,3,1
264,44,IL,100/300,500,1047.06,6000000,MALE,College,exec-managerial,wife,60,2010,Multi-vehicle Collision,Rear Collision,Major Damage,Fire,SC,Springfield,20,3,NO,0,2,NO,0,0,69850,12700,6350,50800,66.71,Ford,Fusion,1999,16,2015,2,3,0
20,21,OH,250/500,1000,1390.29,0,FEMALE,Masters,priv-house-serv,other-relative,120,2005,Single Vehicle Collision,Rear Collision,Minor Damage,Fire,PA,Northbrook,14,1,NO,0,0,,0,-41200,62900,12580,6290,44030,45.24,Accura,MDX,2006,9,2015,1,1,0
116,30,IN,500/1000,500,951.46,0,MALE,JD,handlers-cleaners,not-in-family,158,2001,Multi-vehicle Collision,Front Collision,Major Damage,Other,WV,Riverwood,8,3,NO,0,3,,0,-35500,59670,6630,6630,46410,62.71,Volkswagen,Passat,2004,11,2015,1,3,1
222,40,IL,100/300,1000,1226.78,0,MALE,JD,armed-forces,unmarried,25,2012,Multi-vehicle Collision,Rear Collision,Minor Damage,Other,NY,Springfield,17,2,YES,2,0,,49600,-49200,81500,16300,8150,57050,66.43,BMW,3 Series,2013,2,2015,1,1,0
439,56,OH,100/300,500,1280.90,0,MALE,High School,armed-forces,own-child,212,1997,Single Vehicle Collision,Rear Collision,Minor Damage,Ambulance,NC,Springfield,9,1,NO,2,0,,48900,-40900,50000,15000,5000,30000,39.04,Jeep,Wrangler,2009,6,2015,1,1,0
66,28,IN,100/300,2000,1472.77,0,MALE,Associate,adm-clerical,husband,253,1994,Single Vehicle Collision,Front Collision,Total Loss,Other,NY,Springfield,0,1,,2,1,,0,-31700,48290,8780,8780,30730,32.79,Nissan,Maxima,1995,20,2015,2,4,0
128,29,OH,500/1000,1000,1878.44,0,MALE,High School,other-service,husband,51,2010,Single Vehicle Collision,Rear Collision,Total Loss,Fire,VA,Riverwood,2,1,NO,0,0,,0,-76000,59070,5370,5370,48330,31.45,Chevrolet,Malibu,2003,12,2015,2,4,0
69,24,IN,500/1000,500,1418.50,0,FEMALE,High School,armed-forces,other-relative,272,1992,Multi-vehicle Collision,Rear Collision,Minor Damage,Police,NY,Springfield,23,3,,0,0,NO,0,0,63300,12660,6330,44310,44.62,Dodge,RAM,2012,3,2015,2,1,0
294,46,IL,100/300,500,1532.80,0,MALE,College,prof-specialty,own-child,56,2010,Single Vehicle Collision,Side Collision,Total Loss,Other,SC,Northbend,8,1,NO,0,3,YES,0,0,65780,11960,11960,41860,42.91,Mercedes,ML350,2013,2,2015,2,4,0
19,29,OH,250/500,500,1304.35,0,MALE,JD,transport-moving,not-in-family,148,2002,Multi-vehicle Collision,Front Collision,Total Loss,Ambulance,NY,Columbus,6,3,NO,0,2,,0,0,75400,11600,11600,52200,57.81,Dodge,Neon,2005,10,2015,2,4,1
191,33,OH,500/1000,2000,1551.61,0,MALE,High School,armed-forces,unmarried,84,2008,Vehicle Theft,,Minor Damage,None,WV,Arlington,3,1,YES,1,1,NO,45000,-30400,2250,250,250,1750,1.45,Toyota,Corolla,2005,10,2015,2,1,0
4,39,IL,100/300,1000,1326.98,6000000,FEMALE,High School,machine-op-inspct,unmarried,220,1996,Multi-vehicle Collision,Front Collision,Minor Damage,Ambulance,VA,Northbend,14,3,YES,1,3,,64200,0,54120,4510,9020,40590,40.78,Jeep,Grand Cherokee,2007,8,2015,1,1,0
298,49,OH,250/500,500,862.92,0,MALE,MD,machine-op-inspct,wife,202,1998,Multi-vehicle Collision,Side Collision,Major Damage,Other,NY,Northbrook,16,3,NO,0,2,NO,0,-71700,69480,11580,11580,46320,80.52,Saab,95,2007,8,2015,1,3,0
231,43,IN,100/300,2000,1331.69,0,FEMALE,Masters,adm-clerical,not-in-family,58,2010,Single Vehicle Collision,Rear Collision,Minor Damage,Police,NY,Northbend,12,1,,1,2,NO,0,0,66950,10300,10300,46350,50.27,Chevrolet,Malibu,2015,0,2015,2,1,0
338,47,OH,250/500,2000,1486.04,0,FEMALE,Associate,armed-forces,own-child,84,2008,Multi-vehicle Collision,Rear Collision,Major Damage,Other,OH,Northbrook,1,3,NO,2,3,,0,-56200,64100,12820,6410,44870,43.13,Dodge,RAM,2014,1,2015,1,3,1
261,46,IN,100/300,1000,870.55,0,MALE,PhD,prof-specialty,unmarried,172,2000,Single Vehicle Collision,Rear Collision,Minor Damage,Other,SC,Springfield,19,1,,0,3,,0,-49400,80280,13380,13380,53520,92.22,Chevrolet,Tahoe,2013,2,2015,1,1,0
321,44,IL,500/1000,2000,1344.56,6000000,MALE,Associate,machine-op-inspct,husband,82,2008,Vehicle Theft,,Trivial Damage,Police,NY,Northbend,7,1,,1,2,NO,0,-39100,4680,520,0,4160,3.48,Accura,MDX,1999,16,2015,2,2,0
0,32,OH,500/1000,1000,1377.04,0,MALE,College,tech-support,wife,47,2011,Multi-vehicle Collision,Rear Collision,Minor Damage,Ambulance,NY,Springfield,6,4,,1,1,NO,61400,-41100,39720,6620,6620,26480,28.84,Accura,MDX,2002,13,2015,1,1,0
405,58,IL,250/500,500,1237.88,0,MALE,MD,exec-managerial,not-in-family,33,2012,Single Vehicle Collision,Front Collision,Major Damage,Police,NY,Arlington,11,1,,0,0,,0,-46900,63580,5780,5780,52020,51.36,Mercedes,ML350,1997,18,2015,1,3,1
304,49,IN,100/300,1000,1525.86,0,FEMALE,PhD,craft-repair,own-child,160,2001,Single Vehicle Collision,Side Collision,Minor Damage,Other,NC,Northbend,2,1,YES,1,1,YES,0,0,73370,13340,6670,53360,48.08,Saab,95,2013,2,2015,1,1,0
1,29,OH,500/1000,500,854.58,0,FEMALE,JD,craft-repair,other-relative,104,2006,Single Vehicle Collision,Side Collision,Minor Damage,Police,SC,Northbrook,15,1,,2,3,YES,52200,0,86790,7890,23670,55230,101.56,Honda,CRV,2003,12,2015,1,1,0
26,39,IN,250/500,1000,770.76,0,MALE,Masters,tech-support,husband,277,1992,Single Vehicle Collision,Side Collision,Major Damage,Police,WV,Columbus,0,1,NO,0,2,,0,-53700,49800,9960,4980,34860,64.61,Mercedes,ML350,2015,0,2015,2,3,0
202,38,IL,100/300,2000,1132.74,0,FEMALE,Associate,armed-forces,husband,73,2009,Single Vehicle Collision,Side Collision,Major Damage,Other,WV,Hillsdale,12,1,YES,1,1,NO,0,-37500,77440,7040,14080,56320,68.37,Nissan,Ultima,2005,10,2015,2,3,0
289,48,IL,500/1000,500,1173.37,8000000,FEMALE,PhD,handlers-cleaners,own-child,233,1995,Single Vehicle Collision,Front Collision,Total Loss,Other,SC,Springfield,1,1,,1,0,,0,-42700,42900,8580,0,34320,36.56,Accura,TL,1999,16,2015,1,4,0
61,26,OH,100/300,2000,1188.28,6000000,FEMALE,JD,farming-fishing,wife,43,2011,Multi-vehicle Collision,Rear Collision,Major Damage,Fire,VA,Hillsdale,16,2,YES,1,0,NO,0,-53800,53820,11960,5980,35880,45.29,Ford,F150,2015,0,2015,2,3,1
334,46,IL,100/300,1000,876.88,6000000,MALE,MD,sales,other-relative,24,2013,Single Vehicle Collision,Rear Collision,Minor Damage,Police,WV,Hillsdale,2,1,NO,2,1,NO,0,0,57330,12740,6370,38220,65.38,Jeep,Grand Cherokee,1998,17,2015,1,1,0
12,24,IL,500/1000,1000,1143.95,0,FEMALE,PhD,tech-support,other-relative,243,1994,Multi-vehicle Collision,Rear Collision,Minor Damage,Police,NY,Riverwood,13,3,NO,2,1,,51400,0,53370,5930,5930,41510,46.65,Nissan,Ultima,2011,4,2015,2,1,0
86,29,IL,100/300,2000,1409.06,0,MALE,High School,prof-specialty,husband,5,2014,Single Vehicle Collision,Front Collision,Minor Damage,Police,NY,Northbrook,0,1,NO,2,2,YES,74200,-68100,62920,9680,14520,38720,44.65,Accura,MDX,2005,10,2015,1,1,0
83,24,IN,500/1000,1000,1070.63,0,FEMALE,High School,machine-op-inspct,unmarried,109,2006,Multi-vehicle Collision,Front Collision,Total Loss,Fire,NY,Arlington,0,3,,0,1,NO,0,0,61600,6160,12320,43120,57.54,Honda,CRV,2003,12,2015,2,4,0
126,30,IL,500/1000,2000,916.13,0,MALE,College,sales,unmarried,196,1998,Multi-vehicle Collision,Rear Collision,Total Loss,Police,NY,Northbend,16,3,YES,2,0,NO,55300,-58400,74160,6180,12360,55620,80.95,Mercedes,E400,2002,13,2015,1,4,0
209,38,OH,250/500,500,1191.50,0,MALE,High School,priv-house-serv,husband,60,2010,Single Vehicle Collision,Rear Collision,Total Loss,Police,WV,Arlington,8,1,NO,2,0,,38600,-52900,80100,8900,8900,62300,67.23,Audi,A3,2015,0,2015,1,4,0
283,48,OH,500/1000,1000,1474.66,0,FEMALE,JD,sales,husband,145,2003,Parked Car,,Trivial Damage,Police,NY,Hillsdale,9,1,,2,3,NO,0,-46200,6560,820,820,4920,4.45,Volkswagen,Jetta,2003,12,2015,2,2,0
194,34,IL,250/500,1000,1193.45,0,MALE,JD,other-service,not-in-family,128,2004,Single Vehicle Collision,Rear Collision,Total Loss,Ambulance,WV,Northbend,11,1,,2,1,YES,0,0,58800,11760,5880,41160,49.27,Nissan,Pathfinder,1997,18,2015,1,4,0
184,38,IL,250/500,1000,1437.53,0,FEMALE,College,transport-moving,not-in-family,245,1994,Multi-vehicle Collision,Side Collision,Minor Damage,Ambulance,PA,Northbrook,6,3,,0,2,NO,0,0,53730,11940,5970,35820,37.38,Dodge,RAM,2013,2,2015,2,1,1
479,60,IL,100/300,2000,1304.83,0,FEMALE,College,other-service,husband,210,1997,Single Vehicle Collision,Rear Collision,Total Loss,Ambulance,NY,Arlington,18,1,NO,0,0,NO,0,0,60600,5050,10100,45450,46.44,Honda,Civic,2001,14,2015,1,4,0
284,48,OH,250/500,1000,1168.80,0,FEMALE,JD,tech-support,other-relative,287,1991,Single Vehicle Collision,Side Collision,Total Loss,Other,NY,Northbrook,11,1,,0,3,YES,0,-42400,35750,6500,3250,26000,30.59,Mercedes,E400,2001,14,2015,2,4,0
65,27,IN,100/300,1000,1164.97,0,FEMALE,College,adm-clerical,wife,160,2001,Single Vehicle Collision,Front Collision,Total Loss,Ambulance,WV,Arlington,17,1,,1,2,YES,43000,-42500,42840,3570,7140,32130,36.77,Chevrolet,Silverado,2004,11,2015,1,4,0
222,39,IL,250/500,1000,1232.72,0,MALE,High School,armed-forces,own-child,37,2012,Multi-vehicle Collision,Front Collision,Major Damage,Fire,SC,Springfield,21,3,,1,0,NO,87800,-51200,87960,14660,14660,58640,71.35,Jeep,Wrangler,1999,16,2015,2,3,1
196,41,IL,250/500,2000,1800.76,0,MALE,JD,protective-serv,other-relative,162,2001,Multi-vehicle Collision,Rear Collision,Minor Damage,Ambulance,SC,Hillsdale,0,3,NO,1,0,NO,0,-78600,47800,4780,4780,38240,26.54,Jeep,Grand Cherokee,2009,6,2015,1,1,0
253,43,IL,500/1000,500,1187.01,7000000,FEMALE,Associate,tech-support,unmarried,282,1991,Vehicle Theft,,Trivial Damage,Police,NY,Northbrook,9,1,NO,0,1,,46300,-33000,3840,640,640,2560,3.24,Chevrolet,Tahoe,2014,1,2015,2,2,0
280,43,IN,100/300,1000,1559.34,0,MALE,JD,transport-moving,own-child,31,2012,Single Vehicle Collision,Front Collision,Total Loss,Fire,NY,Riverwood,1,1,NO,0,2,,0,-51600,77000,14000,7000,56000,49.38,Accura,RSX,2004,11,2015,2,4,0
5,26,IL,250/500,2000,1137.02,0,FEMALE,PhD,farming-fishing,not-in-family,6,2014,Single Vehicle Collision,Rear Collision,Total Loss,Ambulance,WV,Springfield,22,1,YES,1,3,,31500,0,88110,16020,16020,56070,77.49,Audi,A5,2003,12,2015,1,4,0
220,42,IN,100/300,1000,1281.72,0,MALE,College,farming-fishing,other-relative,246,1994,Multi-vehicle Collision,Rear Collision,Minor Damage,Fire,SC,Northbend,20,4,NO,0,2,YES,33500,-49500,47740,4340,4340,39060,37.25,Honda,Civic,2005,10,2015,2,1,0
85,30,OH,100/300,1000,796.35,0,FEMALE,MD,craft-repair,own-child,158,2001,Multi-vehicle Collision,Rear Collision,Total Loss,Fire,SC,Northbend,9,3,YES,2,1,YES,72400,-77000,58960,5360,10720,42880,74.04,Ford,F150,2004,11,2015,2,4,0
266,46,OH,250/500,500,1270.02,0,FEMALE,Associate,tech-support,own-child,298,1990,Parked Car,,Minor Damage,Police,NC,Northbrook,5,1,NO,1,2,,0,-45800,2160,480,240,1440,1.70,Toyota,Corolla,2004,11,2015,1,1,0
41,26,IL,100/300,1000,1383.13,0,FEMALE,JD,prof-specialty,own-child,107,2006,Vehicle Theft,,Trivial Damage,Police,SC,Riverwood,12,1,YES,1,1,,46700,0,6890,530,1060,5300,4.98,Jeep,Grand Cherokee,1997,18,2015,2,2,0
316,45,IL,100/300,2000,1290.74,5000000,FEMALE,High School,prof-specialty,husband,14,2013,Multi-vehicle Collision,Side Collision,Major Damage,Ambulance,VA,Springfield,6,3,NO,2,0,YES,58300,0,78870,7170,14340,57360,61.10,Suburu,Legacy,2013,2,2015,2,3,0
285,47,IN,100/300,1000,1216.68,0,FEMALE,Masters,sales,other-relative,280,1991,Vehicle Theft,,Trivial Damage,Police,SC,Columbus,8,1,NO,1,1,NO,55100,0,2700,300,300,2100,2.22,Ford,F150,2013,2,2015,1,2,0
379,54,IL,100/300,500,1251.16,0,FEMALE,Associate,machine-op-inspct,not-in-family,158,2001,Single Vehicle Collision,Front Collision,Total Loss,Ambulance,WV,Riverwood,14,1,,0,1,NO,41400,0,75960,6330,6330,63300,60.71,Jeep,Grand Cherokee,2010,5,2015,2,4,0
15,34,IN,250/500,2000,1586.41,0,FEMALE,High School,sales,other-relative,117,2005,Single Vehicle Collision,Front Collision,Major Damage,Police,WV,Northbrook,10,1,YES,1,3,,33500,-58900,75570,6870,13740,54960,47.64,BMW,X5,2010,5,2015,1,3,1
354,48,IL,500/1000,2000,1526.11,5000000,FEMALE,Masters,sales,unmarried,141,2003,Single Vehicle Collision,Front Collision,Minor Damage,Police,SC,Columbus,12,1,,2,3,YES,0,0,90240,15040,15040,60160,59.13,Chevrolet,Malibu,1995,20,2015,1,1,0
342,53,IN,100/300,1000,1028.44,0,FEMALE,College,prof-specialty,not-in-family,110,2005,Single Vehicle Collision,Front Collision,Major Damage,Ambulance,SC,Springfield,12,1,,0,0,NO,0,0,80960,14720,7360,58880,78.72,Accura,MDX,2000,15,2015,1,3,0
169,38,IL,100/300,1000,1555.94,0,MALE,PhD,craft-repair,own-child,120,2005,Multi-vehicle Collision,Front Collision,Total Loss,Other,VA,Riverwood,12,3,NO,1,3,YES,23300,0,79080,6590,13180,59310,50.82,Mercedes,C300,2012,3,2015,1,4,0
339,49,IN,500/1000,2000,1570.77,0,MALE,JD,adm-clerical,not-in-family,251,1994,Vehicle Theft,,Minor Damage,None,SC,Columbus,13,1,NO,0,3,NO,98800,-65300,6820,1240,620,4960,4.34,Mercedes,ML350,2009,6,2015,1,1,0
259,42,OH,100/300,2000,1170.53,0,FEMALE,PhD,armed-forces,wife,228,1996,Multi-vehicle Collision,Rear Collision,Total Loss,Fire,WV,Northbend,17,3,NO,1,2,YES,65000,-49200,62590,5690,11380,45520,53.47,Nissan,Pathfinder,2006,9,2015,1,4,0
65,23,OH,250/500,1000,1099.95,0,FEMALE,College,sales,wife,181,1999,Single Vehicle Collision,Side Collision,Major Damage,Other,NY,Arlington,14,1,NO,1,0,YES,0,-71900,52400,6550,6550,39300,47.64,Accura,MDX,2005,10,2015,1,3,1
254,46,IL,250/500,2000,1472.43,0,MALE,MD,tech-support,husband,126,2004,Multi-vehicle Collision,Front Collision,Major Damage,Ambulance,WV,Arlington,3,3,,1,3,YES,0,-90600,63580,5780,11560,46240,43.18,Volkswagen,Jetta,2004,11,2015,1,3,0
440,55,IL,250/500,500,1275.62,0,FEMALE,Associate,priv-house-serv,other-relative,26,2012,Multi-vehicle Collision,Side Collision,Minor Damage,Police,NY,Riverwood,18,3,YES,2,1,NO,0,-56200,61400,6140,6140,49120,48.13,Nissan,Ultima,1995,20,2015,1,1,0
478,63,IL,250/500,1000,1292.30,0,MALE,High School,adm-clerical,own-child,68,2009,Parked Car,,Minor Damage,None,VA,Northbend,5,1,YES,1,3,NO,47600,0,4700,940,470,3290,3.64,Dodge,Neon,2007,8,2015,2,1,1
230,44,IN,250/500,2000,1009.37,0,FEMALE,College,prof-specialty,other-relative,176,2000,Single Vehicle Collision,Front Collision,Total Loss,Fire,SC,Riverwood,19,1,NO,0,2,YES,45400,-39400,74140,13480,13480,47180,73.45,BMW,X5,2015,0,2015,2,4,0
138,30,OH,500/1000,500,1093.07,4000000,FEMALE,PhD,other-service,wife,156,2002,Single Vehicle Collision,Front Collision,Major Damage,Other,VA,Hillsdale,0,1,,2,2,NO,27700,-72400,83160,6930,13860,62370,76.08,Volkswagen,Jetta,2011,4,2015,1,3,0
239,41,OH,250/500,1000,1325.44,7000000,FEMALE,JD,farming-fishing,other-relative,15,2013,Parked Car,,Trivial Damage,Police,NC,Arlington,22,1,,0,2,YES,51400,-6300,10790,1660,830,8300,8.14,Mercedes,E400,2013,2,2015,2,2,0
93,31,IL,100/300,2000,1017.18,0,FEMALE,MD,prof-specialty,husband,85,2008,Multi-vehicle Collision,Rear Collision,Major Damage,Police,NC,Arlington,21,3,YES,1,3,NO,0,0,48070,8740,8740,30590,47.26,Saab,92x,2014,1,2015,2,3,0
37,25,OH,100/300,1000,1221.17,0,FEMALE,Masters,protective-serv,not-in-family,142,2003,Multi-vehicle Collision,Rear Collision,Minor Damage,Ambulance,SC,Northbrook,4,3,YES,0,0,YES,49300,0,51030,5670,11340,34020,41.79,Suburu,Impreza,1996,19,2015,1,1,0
254,40,IN,100/300,500,1927.87,0,MALE,MD,prof-specialty,husband,247,1994,Single Vehicle Collision,Front Collision,Minor Damage,Fire,VA,Arlington,10,1,YES,0,1,,0,0,43280,0,5410,37870,22.45,Honda,Civic,1996,19,2015,1,1,1
131,29,IN,250/500,1000,978.27,0,FEMALE,Associate,sales,own-child,19,2013,Single Vehicle Collision,Front Collision,Major Damage,Fire,SC,Hillsdale,5,1,,1,3,NO,65700,0,76400,15280,7640,53480,78.10,Suburu,Forrestor,2003,12,2015,2,3,0
230,43,IN,100/300,2000,1221.14,0,MALE,MD,prof-specialty,wife,151,2002,Single Vehicle Collision,Side Collision,Total Loss,Ambulance,VA,Hillsdale,13,1,,0,2,,48100,0,75460,13720,13720,48020,61.79,Audi,A5,2002,13,2015,1,4,0
313,50,OH,100/300,2000,1255.62,0,MALE,MD,armed-forces,unmarried,128,2004,Multi-vehicle Collision,Side Collision,Major Damage,Other,OH,Northbrook,18,3,YES,2,1,YES,0,0,69000,13800,6900,48300,54.95,Ford,F150,1995,20,2015,2,3,1
210,38,IN,250/500,500,999.52,0,MALE,JD,tech-support,other-relative,193,1998,Vehicle Theft,,Minor Damage,Police,VA,Springfield,6,1,,1,2,NO,0,0,8640,1440,720,6480,8.64,Accura,TL,2008,7,2015,1,1,0
101,29,OH,250/500,500,1380.89,0,MALE,PhD,armed-forces,own-child,6,2014,Multi-vehicle Collision,Rear Collision,Minor Damage,Ambulance,SC,Arlington,0,3,,2,1,,30000,-53000,67210,12220,12220,42770,48.67,BMW,X6,1996,19,2015,2,1,0
153,37,IN,500/1000,500,1010.77,0,MALE,High School,transport-moving,unmarried,110,2005,Multi-vehicle Collision,Side Collision,Total Loss,Ambulance,NC,Arlington,5,3,,0,3,NO,52300,-55600,42500,4250,4250,34000,42.05,Volkswagen,Jetta,1999,16,2015,1,4,0
337,53,OH,100/300,500,1205.86,0,MALE,Associate,armed-forces,wife,177,2000,Single Vehicle Collision,Rear Collision,Minor Damage,Fire,SC,Arlington,8,1,YES,0,1,NO,0,-34600,86400,14400,7200,64800,71.65,Accura,RSX,2001,14,2015,2,1,0
360,51,IL,500/1000,1000,1526.61,0,MALE,Masters,handlers-cleaners,not-in-family,158,2001,Vehicle Theft,,Minor Damage,Police,SC,Hillsdale,5,1,YES,2,2,,0,-32900,4620,840,840,2940,3.03,Dodge,RAM,2009,6,2015,1,1,1
428,53,IL,100/300,1000,1496.44,0,FEMALE,High School,tech-support,unmarried,9,2014,Parked Car,,Trivial Damage,Police,NC,Springfield,9,1,YES,2,2,NO,0,0,6930,630,1260,5040,4.63,Honda,CRV,2013,2,2015,2,2,0
204,40,IL,100/300,500,1256.20,0,FEMALE,JD,sales,not-in-family,288,1991,Multi-vehicle Collision,Side Collision,Minor Damage,Other,SC,Northbend,10,3,YES,1,2,YES,0,0,41700,8340,8340,25020,33.20,Saab,95,2013,2,2015,1,1,0
364,51,IL,100/300,500,1268.35,0,MALE,Masters,transport-moving,wife,273,1992,Single Vehicle Collision,Rear Collision,Major Damage,Other,NY,Northbrook,16,1,YES,2,1,NO,0,0,77330,14060,14060,49210,60.97,Volkswagen,Jetta,2014,1,2015,1,3,1
185,35,IN,500/1000,2000,1421.59,0,MALE,College,other-service,own-child,178,2000,Vehicle Theft,,Trivial Damage,Police,WV,Arlington,8,1,,2,3,YES,0,0,4950,900,450,3600,3.48,Ford,F150,2011,4,2015,1,2,0
63,26,IL,500/1000,500,1500.04,6000000,MALE,PhD,craft-repair,own-child,232,1995,Vehicle Theft,,Minor Damage,Police,NC,Northbrook,5,1,NO,0,2,YES,0,-36500,5160,860,860,3440,3.44,Accura,TL,2004,11,2015,2,1,0
210,35,IL,100/300,500,1433.24,0,FEMALE,College,exec-managerial,not-in-family,10,2014,Multi-vehicle Collision,Side Collision,Total Loss,Fire,WV,Riverwood,11,3,NO,2,1,,0,-19500,24570,2730,2730,19110,17.14,Saab,95,2006,9,2015,2,4,1
194,38,IN,100/300,2000,1231.25,0,FEMALE,PhD,craft-repair,not-in-family,48,2011,Multi-vehicle Collision,Rear Collision,Minor Damage,Ambulance,WV,Arlington,15,3,,1,0,,46500,0,53680,4880,9760,39040,43.60,Toyota,Camry,2011,4,2015,1,1,0
294,49,IN,500/1000,500,1135.43,0,MALE,Masters,farming-fishing,own-child,229,1996,Multi-vehicle Collision,Side Collision,Total Loss,Police,WV,Columbus,23,3,YES,1,1,YES,22700,0,42900,3900,3900,35100,37.78,Chevrolet,Malibu,2010,5,2015,2,4,0
272,41,OH,250/500,2000,945.73,5000000,MALE,MD,protective-serv,wife,286,1991,Single Vehicle Collision,Front Collision,Minor Damage,Fire,NY,Arlington,23,1,NO,0,0,NO,38600,-42800,84100,16820,8410,58870,88.93,Ford,Escape,2009,6,2015,2,1,1
27,27,IN,100/300,2000,1118.76,0,FEMALE,College,adm-clerical,own-child,152,2002,Single Vehicle Collision,Front Collision,Total Loss,Fire,NY,Northbrook,23,1,,1,3,,0,-55800,61560,6840,6840,47880,55.03,Ford,Fusion,2008,7,2015,2,4,0
251,39,IN,500/1000,2000,1231.98,0,FEMALE,Associate,other-service,not-in-family,189,1999,Single Vehicle Collision,Rear Collision,Minor Damage,Police,NY,Hillsdale,10,1,YES,0,0,,0,-31700,44240,5530,5530,33180,35.91,Dodge,RAM,1997,18,2015,1,1,0
180,33,IN,500/1000,2000,1005.47,0,FEMALE,JD,protective-serv,own-child,70,2009,Multi-vehicle Collision,Rear Collision,Minor Damage,Ambulance,VA,Columbus,12,4,,2,3,YES,58100,-49000,57700,11540,5770,40390,57.39,Jeep,Grand Cherokee,2002,13,2015,2,1,0
392,50,OH,100/300,2000,1108.97,0,FEMALE,PhD,exec-managerial,not-in-family,281,1991,Single Vehicle Collision,Side Collision,Minor Damage,Other,WV,Springfield,4,1,NO,2,2,YES,68400,-66800,108030,16620,16620,74790,97.41,Saab,92x,2002,13,2015,1,1,0
143,30,IN,100/300,500,1392.39,5000000,FEMALE,High School,exec-managerial,unmarried,278,1991,Single Vehicle Collision,Rear Collision,Minor Damage,Fire,SC,Riverwood,16,1,NO,2,0,YES,0,-65700,54300,10860,5430,38010,39.00,Toyota,Highlander,2010,5,2015,1,1,0
371,54,IN,100/300,2000,1317.97,0,MALE,High School,craft-repair,wife,33,2012,Multi-vehicle Collision,Front Collision,Major Damage,Ambulance,SC,Columbus,18,3,,1,2,,34700,-81000,32280,5380,5380,21520,24.49,Ford,Fusion,2010,5,2015,1,3,1
292,42,IN,250/500,1000,1588.22,0,MALE,JD,machine-op-inspct,other-relative,94,2007,Multi-vehicle Collision,Rear Collision,Total Loss,Other,WV,Riverwood,15,3,YES,1,1,NO,0,-53800,84600,16920,8460,59220,53.27,Chevrolet,Malibu,2007,8,2015,1,4,0
165,35,IL,250/500,500,900.02,6000000,MALE,College,craft-repair,own-child,26,2012,Single Vehicle Collision,Front Collision,Total Loss,Other,SC,Springfield,8,1,NO,1,3,YES,0,-49900,69700,6970,6970,55760,77.44,BMW,3 Series,2008,7,2015,2,4,0
158,33,OH,100/300,1000,1744.64,3000000,MALE,JD,prof-specialty,unmarried,14,2013,Multi-vehicle Collision,Rear Collision,Total Loss,Ambulance,WV,Springfield,4,3,NO,0,1,NO,0,0,36400,3640,7280,25480,20.86,Volkswagen,Jetta,1998,17,2015,2,4,0
241,39,OH,250/500,1000,1260.56,0,FEMALE,JD,adm-clerical,own-child,118,2005,Multi-vehicle Collision,Side Collision,Minor Damage,Police,SC,Northbrook,20,3,NO,0,2,YES,0,-54900,37520,4690,4690,28140,29.76,Jeep,Wrangler,2010,5,2015,2,1,0
103,33,OH,500/1000,2000,1021.14,0,FEMALE,Masters,other-service,wife,244,1994,Multi-vehicle Collision,Side Collision,Major Damage,Ambulance,NY,Northbend,1,3,NO,2,3,,69500,-47700,79090,14380,14380,50330,77.45,Dodge,RAM,2014,1,2015,1,3,0
402,54,OH,250/500,2000,1285.09,0,MALE,JD,farming-fishing,not-in-family,138,2003,Single Vehicle Collision,Rear Collision,Major Damage,Other,NY,Springfield,19,1,NO,0,2,YES,48000,-79600,67770,7530,15060,45180,52.74,Mercedes,ML350,2013,2,2015,2,3,1
102,32,OH,100/300,500,1537.07,3000000,MALE,JD,tech-support,wife,5,2014,Single Vehicle Collision,Side Collision,Total Loss,Other,OH,Northbend,11,1,NO,1,0,NO,0,0,47400,9480,4740,33180,30.84,Chevrolet,Silverado,2004,11,2015,2,4,1
182,40,IN,100/300,1000,1022.42,0,MALE,PhD,other-service,husband,38,2011,Single Vehicle Collision,Front Collision,Total Loss,Other,SC,Northbend,13,1,YES,0,2,,50000,-56900,71100,7110,14220,49770,69.54,Audi,A3,2008,7,2015,2,4,0
282,46,OH,100/300,2000,1558.86,0,MALE,MD,other-service,wife,282,1991,Single Vehicle Collision,Front Collision,Minor Damage,Police,NY,Springfield,2,1,,2,2,NO,51100,-75100,69400,13880,6940,48580,44.52,BMW,M5,2012,3,2015,2,1,0
222,39,OH,500/1000,500,1757.87,0,MALE,High School,transport-moving,not-in-family,131,2004,Multi-vehicle Collision,Rear Collision,Major Damage,Other,SC,Northbrook,9,3,YES,2,1,,71400,0,55000,5000,10000,40000,31.29,Saab,93,1996,19,2015,1,3,1
415,52,IN,250/500,1000,973.50,0,MALE,PhD,machine-op-inspct,not-in-family,0,2015,Multi-vehicle Collision,Rear Collision,Total Loss,Police,WV,Arlington,15,2,YES,1,3,YES,50400,0,51090,7860,7860,35370,52.48,Toyota,Highlander,2003,12,2015,2,4,0
51,34,OH,500/1000,500,1430.80,0,MALE,PhD,machine-op-inspct,unmarried,14,2013,Single Vehicle Collision,Side Collision,Major Damage,Fire,NY,Springfield,23,1,,2,3,NO,0,0,64200,6420,19260,38520,44.87,Honda,Civic,2007,8,2015,2,3,1
255,45,IL,500/1000,500,1192.27,0,MALE,High School,sales,own-child,291,1990,Single Vehicle Collision,Front Collision,Total Loss,Other,NC,Riverwood,16,1,NO,2,0,YES,0,-40200,67320,12240,12240,42840,56.46,Ford,Fusion,2006,9,2015,1,4,0
143,31,IL,250/500,500,1163.83,0,MALE,Associate,protective-serv,husband,7,2014,Multi-vehicle Collision,Side Collision,Major Damage,Other,NC,Arlington,21,4,YES,2,0,,37700,0,76120,6920,13840,55360,65.40,Audi,A5,1999,16,2015,2,3,0
130,28,OH,500/1000,1000,1003.15,0,FEMALE,JD,farming-fishing,other-relative,278,1991,Multi-vehicle Collision,Front Collision,Minor Damage,Ambulance,SC,Hillsdale,21,2,YES,2,1,NO,0,-38500,85020,13080,13080,58860,84.75,Ford,Fusion,2010,5,2015,1,1,0
242,41,OH,250/500,2000,1153.54,6000000,MALE,Masters,protective-serv,unmarried,292,1990,Multi-vehicle Collision,Rear Collision,Minor Damage,Fire,NY,Northbrook,3,3,NO,0,1,,0,-57000,68090,12380,12380,43330,59.03,Toyota,Corolla,2009,6,2015,2,1,0
96,27,IL,100/300,1000,1631.10,0,FEMALE,High School,priv-house-serv,wife,71,2009,Parked Car,,Trivial Damage,Police,WV,Arlington,4,1,,1,2,NO,0,0,6030,670,670,4690,3.70,Nissan,Pathfinder,2007,8,2015,1,2,0
180,35,IL,500/1000,1000,1252.48,0,MALE,MD,machine-op-inspct,wife,115,2005,Vehicle Theft,,Minor Damage,None,OH,Springfield,17,1,,1,3,NO,0,-55800,5100,1020,510,3570,4.07,Chevrolet,Malibu,2000,15,2015,2,1,0
150,30,IN,100/300,1000,1677.26,0,MALE,College,sales,own-child,250,1994,Vehicle Theft,,Trivial Damage,Police,WV,Springfield,7,1,YES,1,3,YES,40100,0,4590,510,510,3570,2.74,Volkswagen,Jetta,2013,2,2015,1,2,0
463,59,IL,250/500,1000,979.73,0,FEMALE,JD,exec-managerial,not-in-family,246,1994,Multi-vehicle Collision,Front Collision,Major Damage,Other,SC,Columbus,14,2,,1,2,NO,51700,0,72400,7240,14480,50680,73.90,Chevrolet,Tahoe,1999,16,2015,2,3,1
472,64,IN,250/500,500,989.24,0,MALE,Masters,other-service,not-in-family,30,2012,Single Vehicle Collision,Front Collision,Major Damage,Fire,NY,Northbrook,13,1,NO,2,3,NO,0,0,70900,14180,7090,49630,71.67,Mercedes,ML350,2002,13,2015,2,3,0
75,25,IL,500/1000,1000,1389.86,0,FEMALE,Associate,priv-house-serv,husband,37,2011,Multi-vehicle Collision,Side Collision,Total Loss,Other,WV,Springfield,23,2,,2,3,YES,0,0,65100,6510,6510,52080,46.84,Saab,93,2011,4,2015,1,4,0
193,40,OH,100/300,500,1233.85,0,FEMALE,College,handlers-cleaners,husband,120,2005,Multi-vehicle Collision,Side Collision,Total Loss,Ambulance,PA,Hillsdale,23,3,,2,1,YES,0,0,64260,0,14280,49980,52.08,Ford,Escape,1999,16,2015,2,4,0
43,43,IL,500/1000,500,1320.39,0,FEMALE,Associate,armed-forces,not-in-family,206,1997,Single Vehicle Collision,Rear Collision,Major Damage,Ambulance,WV,Arlington,16,1,,2,1,,0,0,79970,7270,21810,50890,60.57,Honda,CRV,1996,19,2015,1,3,1
253,41,IN,100/300,1000,1435.09,0,FEMALE,College,machine-op-inspct,not-in-family,129,2004,Single Vehicle Collision,Rear Collision,Total Loss,Police,SC,Northbrook,17,1,NO,2,0,,36600,0,56610,6290,6290,44030,39.45,Chevrolet,Tahoe,1995,20,2015,1,4,0
152,30,IN,500/1000,500,1448.54,0,FEMALE,JD,craft-repair,wife,63,2009,Single Vehicle Collision,Side Collision,Major Damage,Fire,VA,Northbrook,9,1,YES,1,1,,58600,0,84590,7690,7690,69210,58.40,Toyota,Highlander,2000,15,2015,2,3,1
160,38,OH,250/500,500,1733.56,0,MALE,High School,sales,wife,64,2009,Multi-vehicle Collision,Side Collision,Major Damage,Fire,SC,Hillsdale,13,3,NO,2,1,YES,0,-43800,66780,7420,14840,44520,38.52,Mercedes,ML350,1996,19,2015,1,3,0
56,36,IN,100/300,500,1533.07,0,MALE,JD,farming-fishing,own-child,62,2009,Single Vehicle Collision,Rear Collision,Major Damage,Police,NC,Springfield,13,1,YES,1,2,YES,0,-28800,58500,0,6500,52000,38.16,Ford,Escape,2001,14,2015,1,3,0
286,41,IL,100/300,500,1106.77,0,FEMALE,College,prof-specialty,other-relative,161,2001,Parked Car,,Trivial Damage,Police,WV,Columbus,3,1,,2,0,NO,45500,-62500,5000,500,500,4000,4.52,Dodge,RAM,2003,12,2015,2,2,0
3,29,IL,100/300,500,995.70,5000000,FEMALE,JD,priv-house-serv,unmarried,267,1992,Parked Car,,Trivial Damage,Police,PA,Springfield,3,1,,2,1,,0,0,5000,500,1000,3500,5.02,Mercedes,E400,2008,7,2015,2,2,1
286,41,IL,250/500,1000,1298.85,6000000,FEMALE,High School,sales,other-relative,193,1998,Multi-vehicle Collision,Front Collision,Major Damage,Ambulance,NY,Columbus,16,3,,1,3,YES,71300,-70300,54450,6050,12100,36300,41.92,Saab,92x,2007,8,2015,1,3,0
239,38,OH,250/500,1000,1276.73,5000000,FEMALE,Masters,handlers-cleaners,other-relative,294,1990,Multi-vehicle Collision,Front Collision,Major Damage,Police,WV,Northbrook,12,3,NO,1,3,,0,0,61920,6880,6880,48160,48.50,Saab,93,2003,12,2015,2,3,0
64,29,OH,250/500,2000,1202.28,0,MALE,High School,exec-managerial,other-relative,39,2011,Single Vehicle Collision,Side Collision,Minor Damage,Ambulance,VA,Hillsdale,4,1,,1,2,NO,0,-61400,43700,4370,4370,34960,36.35,Nissan,Pathfinder,2007,8,2015,1,1,1
98,31,IN,100/300,500,671.92,0,MALE,Masters,machine-op-inspct,wife,299,1990,Single Vehicle Collision,Front Collision,Minor Damage,Other,NC,Riverwood,3,1,,2,0,,0,-26400,64080,7120,7120,49840,95.37,Ford,Escape,1997,18,2015,1,1,0
16,35,IL,250/500,1000,1358.03,0,MALE,JD,sales,own-child,291,1990,Single Vehicle Collision,Rear Collision,Total Loss,Other,SC,Hillsdale,0,1,NO,2,1,,59300,-31400,55000,10000,10000,35000,40.50,Volkswagen,Jetta,2008,7,2015,2,4,1
70,27,IN,250/500,1000,1008.79,4000000,FEMALE,Masters,adm-clerical,own-child,126,2004,Vehicle Theft,,Trivial Damage,Police,WV,Columbus,19,1,NO,2,3,,46000,0,4400,0,550,3850,4.36,Toyota,Camry,2000,15,2015,1,2,0
75,27,OH,100/300,1000,1141.10,0,MALE,JD,armed-forces,other-relative,254,1993,Multi-vehicle Collision,Side Collision,Minor Damage,Police,SC,Hillsdale,15,2,,0,1,YES,0,0,71640,5970,11940,53730,62.78,Toyota,Highlander,2008,7,2015,2,1,0
246,44,OH,100/300,1000,1397.00,0,MALE,High School,machine-op-inspct,not-in-family,238,1995,Single Vehicle Collision,Rear Collision,Minor Damage,Other,NY,Arlington,6,1,NO,1,0,NO,0,0,61740,6860,6860,48020,44.19,Accura,MDX,1997,18,2015,1,1,0
110,27,OH,500/1000,1000,1664.66,0,FEMALE,Associate,priv-house-serv,own-child,66,2009,Single Vehicle Collision,Side Collision,Total Loss,Ambulance,SC,Springfield,3,1,,0,3,,0,-66200,57500,5750,5750,46000,34.54,Audi,A3,2010,5,2015,2,4,0
236,39,IN,250/500,1000,1151.39,4000000,FEMALE,Masters,exec-managerial,wife,218,1996,Parked Car,,Minor Damage,Police,NY,Springfield,17,1,YES,0,0,,0,-63900,8700,870,1740,6090,7.56,Accura,RSX,2003,12,2015,1,1,0
267,46,OH,100/300,2000,1546.01,0,FEMALE,MD,adm-clerical,wife,125,2004,Multi-vehicle Collision,Front Collision,Total Loss,Police,VA,Riverwood,4,4,NO,2,1,,0,0,77100,15420,7710,53970,49.87,Volkswagen,Jetta,1996,19,2015,1,4,0
463,57,IL,250/500,500,1063.67,0,MALE,Masters,priv-house-serv,wife,283,1991,Single Vehicle Collision,Front Collision,Minor Damage,Police,NY,Springfield,14,1,NO,2,0,YES,0,0,59400,6600,6600,46200,55.84,Dodge,Neon,1995,20,2015,2,1,0
303,46,IN,100/300,1000,709.14,0,MALE,Masters,machine-op-inspct,husband,121,2005,Multi-vehicle Collision,Rear Collision,Minor Damage,Fire,NY,Northbrook,3,3,NO,1,0,NO,0,0,54890,9980,4990,39920,77.40,Toyota,Corolla,2006,9,2015,2,1,0
137,30,IL,250/500,500,1039.55,0,MALE,MD,exec-managerial,unmarried,38,2011,Multi-vehicle Collision,Front Collision,Minor Damage,Other,WV,Columbus,4,3,,2,1,,55600,-59700,74030,6730,13460,53840,71.21,Chevrolet,Tahoe,2005,10,2015,2,1,0
56,42,IL,250/500,500,1339.39,0,FEMALE,Associate,adm-clerical,not-in-family,223,1996,Single Vehicle Collision,Rear Collision,Total Loss,Other,NY,Columbus,13,1,,1,2,YES,0,0,61490,11180,11180,39130,45.91,BMW,X5,1998,17,2015,2,4,0
75,27,IN,250/500,1000,1202.75,0,MALE,High School,handlers-cleaners,not-in-family,269,1992,Multi-vehicle Collision,Front Collision,Minor Damage,Police,SC,Northbrook,23,3,NO,0,2,YES,57900,-90100,79560,6630,13260,59670,66.15,Volkswagen,Passat,2003,12,2015,1,1,0
131,33,IL,100/300,2000,1081.17,0,MALE,MD,sales,wife,291,1990,Parked Car,,Minor Damage,Police,NY,Northbend,3,1,,0,1,NO,0,-65200,4900,490,490,3920,4.53,Toyota,Camry,2010,5,2015,1,1,0
153,34,IL,250/500,500,991.39,0,MALE,High School,tech-support,other-relative,252,1994,Multi-vehicle Collision,Side Collision,Total Loss,Other,WV,Springfield,0,3,,1,0,NO,45600,-61400,77770,14140,14140,49490,78.45,Nissan,Pathfinder,2000,15,2015,2,4,0
255,43,IN,500/1000,500,984.02,0,FEMALE,JD,transport-moving,unmarried,93,2007,Multi-vehicle Collision,Side Collision,Major Damage,Fire,SC,Columbus,14,2,,2,2,,75800,0,74700,7470,14940,52290,75.91,Nissan,Maxima,2007,8,2015,2,3,1
103,26,IL,100/300,500,1354.83,0,MALE,MD,tech-support,husband,9,2014,Multi-vehicle Collision,Front Collision,Minor Damage,Police,NY,Arlington,14,2,NO,2,2,,66300,0,40600,4060,4060,32480,29.97,Volkswagen,Passat,2010,5,2015,1,1,0
97,28,OH,100/300,1000,830.31,0,MALE,JD,farming-fishing,husband,59,2010,Single Vehicle Collision,Rear Collision,Total Loss,Ambulance,SC,Springfield,22,1,,1,0,,0,-32600,45270,10060,10060,25150,54.52,Jeep,Wrangler,2006,9,2015,1,4,0
214,36,IL,100/300,2000,987.42,7000000,FEMALE,Associate,machine-op-inspct,own-child,175,2000,Multi-vehicle Collision,Front Collision,Minor Damage,Ambulance,NY,Springfield,17,3,NO,0,3,,0,0,47080,4280,8560,34240,47.68,Saab,93,2006,9,2015,1,1,0
438,57,OH,500/1000,500,1119.29,0,FEMALE,MD,machine-op-inspct,husband,279,1991,Single Vehicle Collision,Side Collision,Minor Damage,Police,SC,Hillsdale,14,1,,0,0,NO,0,0,40700,4070,4070,32560,36.36,Volkswagen,Passat,2000,15,2015,1,1,1
87,27,OH,100/300,500,1048.39,0,FEMALE,Masters,transport-moving,own-child,133,2004,Single Vehicle Collision,Side Collision,Minor Damage,Police,NY,Riverwood,2,1,,2,1,YES,0,0,34650,6300,3150,25200,33.05,Ford,F150,1996,19,2015,2,1,0
27,28,OH,500/1000,1000,1074.47,0,MALE,MD,protective-serv,wife,271,1992,Parked Car,,Trivial Damage,Police,WV,Riverwood,4,1,,2,0,,0,0,3200,400,400,2400,2.98,Jeep,Grand Cherokee,2012,3,2015,2,2,0
206,42,IL,500/1000,1000,1230.76,0,MALE,High School,machine-op-inspct,unmarried,255,1993,Single Vehicle Collision,Rear Collision,Major Damage,Fire,VA,Hillsdale,2,1,,1,1,NO,0,-74200,78980,7180,14360,57440,64.17,Saab,92x,1997,18,2015,1,3,1
127,31,OH,500/1000,500,1255.02,0,MALE,Associate,sales,not-in-family,150,2002,Parked Car,,Minor Damage,None,SC,Riverwood,10,1,YES,1,0,NO,58200,0,6160,560,1120,4480,4.91,Nissan,Ultima,1996,19,2015,1,1,0
422,60,IN,100/300,1000,1555.52,0,FEMALE,MD,machine-op-inspct,own-child,51,2010,Single Vehicle Collision,Front Collision,Major Damage,Ambulance,NC,Northbrook,11,1,YES,1,1,NO,43600,-67800,85250,15500,7750,62000,54.80,Mercedes,E400,1999,16,2015,2,3,0
303,50,IL,100/300,2000,836.11,5000000,MALE,Masters,sales,not-in-family,214,1997,Multi-vehicle Collision,Side Collision,Major Damage,Fire,SC,Springfield,1,4,YES,1,2,NO,0,0,72840,12140,6070,54630,87.12,Dodge,Neon,2010,5,2015,1,3,0
228,40,IN,100/300,500,1450.98,0,MALE,Associate,exec-managerial,husband,214,1997,Parked Car,,Trivial Damage,Police,WV,Northbend,20,1,,0,2,NO,43700,0,6050,1100,1100,3850,4.17,Toyota,Camry,2010,5,2015,1,2,0
239,39,IN,250/500,2000,625.08,0,FEMALE,JD,protective-serv,wife,293,1990,Single Vehicle Collision,Front Collision,Major Damage,Fire,SC,Riverwood,10,1,NO,2,3,YES,44200,-37000,87890,15980,7990,63920,140.61,BMW,X6,2014,1,2015,1,3,1
330,47,IL,100/300,2000,1133.27,0,FEMALE,High School,craft-repair,wife,10,2014,Multi-vehicle Collision,Side Collision,Total Loss,Other,NY,Northbrook,20,2,,0,2,YES,0,-56400,60500,11000,5500,44000,53.39,Ford,F150,1999,16,2015,3,4,1
128,35,IN,500/1000,500,1366.60,0,FEMALE,MD,machine-op-inspct,other-relative,126,2004,Multi-vehicle Collision,Front Collision,Minor Damage,Fire,NY,Columbus,10,3,,2,1,NO,0,0,88220,16040,16040,56140,64.55,Chevrolet,Malibu,2008,7,2015,1,1,0
147,37,OH,500/1000,1000,1439.90,6000000,FEMALE,Associate,prof-specialty,husband,65,2009,Multi-vehicle Collision,Rear Collision,Total Loss,Other,SC,Springfield,2,2,NO,1,2,NO,0,-48400,53680,9760,4880,39040,37.28,Accura,MDX,2004,11,2015,1,4,0
287,45,OH,500/1000,1000,1230.69,0,MALE,Masters,transport-moving,not-in-family,90,2007,Single Vehicle Collision,Front Collision,Minor Damage,Fire,VA,Springfield,19,1,NO,0,2,NO,0,-54600,53800,5380,5380,43040,43.72,Accura,MDX,2006,9,2015,1,1,0
142,29,OH,100/300,2000,1307.68,0,FEMALE,MD,craft-repair,husband,60,2010,Single Vehicle Collision,Rear Collision,Major Damage,Police,NY,Columbus,10,1,YES,1,2,NO,0,-48500,54360,4530,9060,40770,41.57,Mercedes,E400,1995,20,2015,1,3,1
162,35,IL,500/1000,2000,1124.69,0,FEMALE,Masters,handlers-cleaners,husband,177,2000,Single Vehicle Collision,Side Collision,Major Damage,Police,WV,Arlington,14,1,YES,0,3,YES,0,0,54340,9880,4940,39520,48.32,Toyota,Camry,2001,14,2015,2,3,0
140,35,OH,100/300,1000,1520.78,0,FEMALE,High School,craft-repair,wife,82,2008,Parked Car,,Trivial Damage,None,SC,Columbus,5,1,,0,2,YES,0,-42900,2860,520,260,2080,1.88,Chevrolet,Tahoe,1997,18,2015,1,2,1
106,28,OH,100/300,2000,1609.11,0,MALE,High School,craft-repair,own-child,296,1990,Vehicle Theft,,Minor Damage,Police,WV,Hillsdale,8,1,YES,2,1,YES,0,0,5490,0,1220,4270,3.41,Saab,95,1999,16,2015,1,1,0
292,45,IL,500/1000,1000,1358.91,0,MALE,Masters,craft-repair,unmarried,287,1991,Vehicle Theft,,Trivial Damage,Police,WV,Northbend,4,1,NO,0,2,,0,0,7370,670,1340,5360,5.42,Suburu,Impreza,1997,18,2015,1,2,0
34,34,OH,500/1000,500,1295.87,0,FEMALE,PhD,priv-house-serv,husband,274,1992,Multi-vehicle Collision,Side Collision,Major Damage,Ambulance,NC,Columbus,4,3,,1,0,NO,0,0,50800,5080,5080,40640,39.20,Audi,A3,1997,18,2015,1,3,1
290,48,IL,250/500,500,1161.03,5000000,MALE,Associate,adm-clerical,not-in-family,22,2013,Multi-vehicle Collision,Side Collision,Minor Damage,Fire,VA,Northbrook,20,2,,1,1,,45300,0,41520,5190,5190,31140,35.76,Nissan,Ultima,2014,1,2015,2,1,0
182,38,OH,500/1000,2000,1441.06,0,FEMALE,Masters,armed-forces,husband,69,2009,Single Vehicle Collision,Side Collision,Total Loss,Police,NY,Riverwood,18,1,,2,3,YES,53800,-78300,89650,8150,16300,65200,62.21,Dodge,RAM,2005,10,2015,1,4,0
362,55,OH,100/300,1000,1097.99,0,FEMALE,JD,other-service,unmarried,74,2008,Multi-vehicle Collision,Rear Collision,Total Loss,Police,NY,Hillsdale,0,3,NO,0,3,NO,44400,-71500,39690,0,0,39690,36.15,Suburu,Legacy,1998,17,2015,2,4,0
143,32,IL,500/1000,1000,1464.42,0,FEMALE,High School,exec-managerial,husband,174,2000,Single Vehicle Collision,Rear Collision,Major Damage,Ambulance,SC,Springfield,1,1,,2,0,NO,79900,0,62260,5660,5660,50940,42.52,Saab,92x,1995,20,2015,1,3,0
183,38,IL,250/500,500,1543.68,0,FEMALE,Masters,prof-specialty,not-in-family,7,2014,Single Vehicle Collision,Side Collision,Major Damage,Police,NC,Hillsdale,17,1,NO,0,1,YES,20200,0,51920,9440,4720,37760,33.63,Audi,A3,2001,14,2015,1,3,1
254,40,IL,250/500,500,1390.89,5000000,MALE,College,armed-forces,wife,238,1995,Single Vehicle Collision,Front Collision,Minor Damage,Other,NY,Riverwood,23,1,,2,2,,0,-74400,53460,9720,4860,38880,38.44,Volkswagen,Jetta,2009,6,2015,2,1,0
249,43,OH,100/300,2000,1148.58,0,FEMALE,MD,adm-clerical,not-in-family,293,1990,Multi-vehicle Collision,Rear Collision,Total Loss,Fire,SC,Arlington,4,3,YES,2,1,YES,0,-71200,57100,5710,5710,45680,49.71,Honda,CRV,2014,1,2015,2,4,0
169,36,IN,250/500,500,1616.26,0,MALE,High School,exec-managerial,unmarried,194,1998,Multi-vehicle Collision,Front Collision,Total Loss,Ambulance,NY,Springfield,0,3,NO,2,3,,50700,-57600,77440,14080,7040,56320,47.91,Dodge,Neon,2004,11,2015,2,4,0
235,40,IL,500/1000,500,1398.94,0,MALE,College,craft-repair,husband,231,1995,Single Vehicle Collision,Side Collision,Minor Damage,Ambulance,NY,Riverwood,11,1,NO,1,2,NO,0,0,68300,6830,13660,47810,48.82,Suburu,Forrestor,2003,12,2015,1,1,0
112,32,OH,500/1000,1000,1238.92,0,MALE,Associate,other-service,other-relative,182,1999,Parked Car,,Trivial Damage,None,NY,Arlington,4,1,,0,2,,57800,-53700,5060,460,920,3680,4.08,Honda,CRV,2012,3,2015,2,2,0
16,32,IL,100/300,1000,968.46,0,MALE,MD,tech-support,not-in-family,150,2002,Multi-vehicle Collision,Side Collision,Total Loss,Ambulance,WV,Columbus,0,3,,0,2,,50800,-66200,59400,6600,13200,39600,61.33,Dodge,RAM,1995,20,2015,1,4,1
128,31,IL,100/300,500,1045.12,0,FEMALE,High School,transport-moving,other-relative,257,1993,Multi-vehicle Collision,Side Collision,Major Damage,Ambulance,NY,Springfield,2,3,NO,0,2,,0,-28300,69930,0,15540,54390,66.91,Ford,Escape,2013,2,2015,1,3,1
103,27,IN,100/300,1000,1537.33,0,FEMALE,College,handlers-cleaners,husband,86,2007,Multi-vehicle Collision,Front Collision,Minor Damage,Police,NY,Springfield,11,3,YES,1,1,NO,0,-74800,77700,7770,15540,54390,50.54,Jeep,Wrangler,2008,7,2015,2,1,0
356,54,OH,500/1000,500,912.30,0,MALE,College,prof-specialty,wife,83,2008,Multi-vehicle Collision,Front Collision,Major Damage,Other,SC,Northbend,23,3,NO,2,1,,58500,-44000,68750,12500,12500,43750,75.36,Audi,A5,2007,8,2015,1,3,1
109,29,OH,100/300,2000,1007.28,6000000,FEMALE,High School,adm-clerical,husband,100,2006,Multi-vehicle Collision,Side Collision,Minor Damage,Police,NY,Riverwood,17,3,NO,1,3,YES,0,0,91080,16560,16560,57960,90.42,Jeep,Wrangler,1995,20,2015,2,1,0
2,20,IN,500/1000,1000,1189.98,4000000,FEMALE,High School,craft-repair,other-relative,143,2003,Single Vehicle Collision,Side Collision,Minor Damage,Other,WV,Columbus,22,1,NO,1,3,YES,0,-54700,48360,4030,8060,36270,40.64,Audi,A5,2000,15,2015,2,1,0
198,34,OH,250/500,1000,1576.41,0,MALE,Associate,handlers-cleaners,other-relative,141,2003,Single Vehicle Collision,Side Collision,Major Damage,Other,WV,Hillsdale,18,1,YES,1,1,YES,0,-55100,95000,9500,9500,76000,60.26,Ford,F150,2001,14,2015,2,3,0
107,32,OH,100/300,500,1172.82,4000000,MALE,Associate,machine-op-inspct,other-relative,153,2002,Vehicle Theft,,Trivial Damage,Police,SC,Arlington,8,1,,1,3,NO,82100,0,3900,780,390,2730,3.33,Ford,F150,2010,5,2015,2,2,0
252,39,IL,500/1000,500,1312.22,9000000,MALE,High School,transport-moving,other-relative,132,2004,Multi-vehicle Collision,Front Collision,Minor Damage,Other,NC,Riverwood,15,3,,0,3,NO,0,-33300,59400,11880,5940,41580,45.27,Jeep,Grand Cherokee,2010,5,2015,2,1,1
303,43,OH,500/1000,1000,671.01,7000000,FEMALE,Associate,machine-op-inspct,other-relative,192,1999,Single Vehicle Collision,Rear Collision,Minor Damage,Fire,NC,Springfield,20,1,,2,0,,42900,-61500,60210,6690,6690,46830,89.73,Nissan,Maxima,2013,2,2015,1,1,0
101,32,IL,250/500,500,895.14,0,MALE,JD,sales,other-relative,156,2002,Single Vehicle Collision,Front Collision,Minor Damage,Ambulance,SC,Columbus,4,1,,0,3,YES,52600,-30400,43600,8720,4360,30520,48.71,Suburu,Legacy,2010,5,2015,1,1,0
446,57,IN,100/300,2000,1373.21,0,MALE,College,adm-clerical,unmarried,266,1992,Multi-vehicle Collision,Front Collision,Total Loss,Police,SC,Northbrook,10,3,NO,0,0,NO,42700,-64900,62800,6280,12560,43960,45.73,Jeep,Wrangler,2012,3,2015,2,4,0
330,48,OH,250/500,1000,1625.65,0,MALE,College,farming-fishing,husband,200,1998,Single Vehicle Collision,Side Collision,Major Damage,Ambulance,VA,Springfield,10,1,YES,1,3,,0,0,59500,11900,5950,41650,36.60,Dodge,Neon,2006,9,2015,2,3,0
211,37,OH,250/500,2000,1295.63,4000000,FEMALE,PhD,armed-forces,not-in-family,48,2011,Multi-vehicle Collision,Front Collision,Total Loss,Police,WV,Northbend,22,3,YES,1,0,,42200,-33800,53460,5940,5940,41580,41.26,Honda,CRV,2009,6,2015,1,4,0
172,33,IL,100/300,1000,1459.96,6000000,FEMALE,High School,adm-clerical,wife,35,2012,Multi-vehicle Collision,Side Collision,Total Loss,Ambulance,NY,Northbend,15,3,NO,0,1,NO,41300,-42000,41690,7580,7580,26530,28.56,Saab,95,1999,16,2015,1,4,0
316,46,OH,100/300,500,1219.94,7000000,FEMALE,Masters,prof-specialty,wife,44,2011,Single Vehicle Collision,Side Collision,Minor Damage,Ambulance,NY,Arlington,13,1,,0,1,YES,0,-51000,63100,6310,12620,44170,51.72,Accura,TL,2000,15,2015,2,1,0
435,60,OH,500/1000,500,1064.49,5000000,MALE,Associate,priv-house-serv,other-relative,99,2006,Single Vehicle Collision,Front Collision,Total Loss,Ambulance,WV,Arlington,23,1,NO,2,1,,73500,-43300,62880,5240,10480,47160,59.07,Mercedes,E400,2007,8,2015,2,4,1
344,51,IL,100/300,1000,959.83,0,FEMALE,Masters,sales,not-in-family,80,2008,Multi-vehicle Collision,Side Collision,Major Damage,Fire,NY,Northbend,18,3,,2,2,YES,0,-38700,75400,17400,11600,46400,78.56,BMW,X6,2006,9,2015,2,3,1
204,40,OH,250/500,2000,1767.02,0,MALE,JD,machine-op-inspct,husband,258,1993,Single Vehicle Collision,Rear Collision,Total Loss,Ambulance,SC,Arlington,7,1,YES,1,1,NO,0,-49300,46200,4200,8400,33600,26.15,Audi,A5,1997,18,2015,2,4,0
278,47,IN,500/1000,500,1285.01,0,MALE,Masters,machine-op-inspct,not-in-family,82,2008,Single Vehicle Collision,Rear Collision,Major Damage,Ambulance,VA,Hillsdale,21,1,NO,2,2,YES,0,-39800,58500,5850,5850,46800,45.52,Toyota,Camry,2010,5,2015,2,3,0
434,57,OH,500/1000,2000,1422.95,0,MALE,JD,transport-moving,husband,175,2000,Multi-vehicle Collision,Rear Collision,Major Damage,Other,SC,Columbus,15,3,NO,1,3,NO,0,0,66240,11040,11040,44160,46.55,Nissan,Maxima,2003,12,2015,1,3,0
209,36,IN,100/300,2000,1223.39,0,FEMALE,MD,craft-repair,wife,60,2010,Multi-vehicle Collision,Rear Collision,Total Loss,Ambulance,PA,Hillsdale,17,3,,1,3,,0,0,65440,8180,8180,49080,53.49,Jeep,Wrangler,2014,1,2015,1,4,0
250,43,IL,500/1000,2000,1539.06,0,MALE,Masters,sales,other-relative,298,1990,Single Vehicle Collision,Front Collision,Minor Damage,Fire,SC,Hillsdale,2,1,NO,0,3,,37800,0,64200,10700,10700,42800,41.71,Ford,F150,2002,13,2015,1,1,0
61,25,IN,100/300,2000,988.06,0,FEMALE,Masters,other-service,not-in-family,205,1998,Multi-vehicle Collision,Rear Collision,Minor Damage,Ambulance,WV,Northbend,1,3,YES,1,0,NO,0,0,32320,4040,4040,24240,32.71,Dodge,RAM,2000,15,2015,2,1,0
80,28,IL,500/1000,1000,1740.57,0,FEMALE,College,farming-fishing,wife,1,2014,Single Vehicle Collision,Rear Collision,Major Damage,Police,SC,Northbend,3,1,,0,1,,0,-18600,33480,3720,3720,26040,19.24,Dodge,Neon,2011,4,2015,1,3,0
25,38,OH,250/500,1000,1540.91,7000000,MALE,College,adm-clerical,wife,230,1995,Vehicle Theft,,Trivial Damage,None,VA,Northbend,0,1,NO,1,1,YES,40900,0,4320,480,960,2880,2.80,Toyota,Corolla,1995,20,2015,2,2,0
4,29,IL,250/500,500,1381.88,5000000,MALE,High School,tech-support,other-relative,153,2002,Vehicle Theft,,Trivial Damage,Police,SC,Hillsdale,4,1,NO,0,2,,0,-77800,4200,840,420,2940,3.04,Jeep,Wrangler,2008,7,2015,2,2,0
32,29,OH,100/300,500,1446.98,0,MALE,MD,adm-clerical,own-child,150,2002,Multi-vehicle Collision,Front Collision,Minor Damage,Ambulance,NY,Arlington,11,3,YES,2,0,NO,0,-45700,57970,10540,5270,42160,40.06,Saab,93,2006,9,2015,2,1,0
125,31,IN,500/1000,500,1220.86,0,MALE,JD,other-service,husband,25,2012,Parked Car,,Trivial Damage,None,NY,Arlington,4,1,YES,1,2,,55400,-40400,4320,0,960,3360,3.54,Saab,93,2003,12,2015,1,2,0
276,45,IL,500/1000,500,948.10,0,FEMALE,High School,machine-op-inspct,wife,178,2000,Multi-vehicle Collision,Front Collision,Minor Damage,Fire,SC,Columbus,11,3,,0,2,,44500,-61400,69300,13860,6930,48510,73.09,Ford,Escape,2010,5,2015,1,1,0
148,30,OH,100/300,500,1471.24,0,FEMALE,Masters,farming-fishing,own-child,153,2002,Multi-vehicle Collision,Side Collision,Minor Damage,Police,NC,Riverwood,4,3,NO,2,2,NO,57500,-93600,32480,4060,4060,24360,22.08,Dodge,Neon,1997,18,2015,1,1,0
222,38,IN,100/300,2000,1157.97,0,MALE,MD,machine-op-inspct,not-in-family,80,2008,Single Vehicle Collision,Front Collision,Total Loss,Police,NY,Hillsdale,20,1,,2,2,YES,0,-64500,60480,6720,6720,47040,52.23,Accura,TL,2001,14,2015,2,4,0
32,38,IL,250/500,2000,566.11,5000000,MALE,Associate,armed-forces,unmarried,249,1994,Parked Car,,Trivial Damage,Police,NC,Springfield,22,1,YES,0,0,NO,0,0,2640,440,440,1760,4.66,Honda,CRV,2015,0,2015,1,2,0
78,27,OH,500/1000,500,1060.88,0,MALE,JD,other-service,other-relative,276,1992,Parked Car,,Trivial Damage,Police,SC,Northbend,4,1,NO,0,3,NO,0,-66500,6050,550,1100,4400,5.70,Volkswagen,Passat,2009,6,2015,2,2,0
238,43,OH,250/500,1000,1524.45,4000000,MALE,High School,handlers-cleaners,wife,225,1996,Multi-vehicle Collision,Rear Collision,Total Loss,Ambulance,NC,Hillsdale,21,4,NO,0,0,NO,0,-44800,42700,4270,4270,34160,28.01,Saab,92x,1995,20,2015,2,4,1
313,47,IN,250/500,1000,1556.17,0,MALE,College,prof-specialty,wife,22,2013,Single Vehicle Collision,Front Collision,Major Damage,Ambulance,SC,Hillsdale,20,1,YES,1,3,NO,63900,-53300,40260,3660,7320,29280,25.87,Accura,MDX,1996,19,2015,2,3,1
334,50,OH,500/1000,500,1216.24,0,MALE,Masters,priv-house-serv,wife,62,2009,Single Vehicle Collision,Rear Collision,Major Damage,Fire,NY,Columbus,7,1,NO,2,0,,26700,-47200,50000,5000,10000,35000,41.11,Chevrolet,Silverado,2008,7,2015,1,3,0
190,35,IN,250/500,500,1484.72,5000000,FEMALE,High School,tech-support,husband,75,2008,Parked Car,,Trivial Damage,None,NY,Riverwood,4,1,NO,0,1,NO,0,0,3840,640,320,2880,2.59,Saab,92x,1998,17,2015,2,2,0
194,41,IL,250/500,500,1203.81,0,MALE,JD,transport-moving,not-in-family,264,1993,Multi-vehicle Collision,Rear Collision,Minor Damage,Police,WV,Springfield,17,3,,0,2,,52500,-51300,95900,13700,20550,61650,79.66,Saab,95,1999,16,2015,2,1,0
290,47,IN,250/500,1000,1393.34,0,MALE,High School,exec-managerial,other-relative,78,2008,Multi-vehicle Collision,Side Collision,Minor Damage,Ambulance,WV,Northbend,20,3,YES,1,3,YES,0,-61400,56160,6240,12480,37440,40.31,Audi,A5,2002,13,2015,1,1,0
26,42,OH,100/300,1000,1484.48,0,MALE,PhD,armed-forces,not-in-family,53,2010,Single Vehicle Collision,Side Collision,Major Damage,Police,SC,Riverwood,10,1,NO,2,3,,50700,-36300,63030,5730,11460,45840,42.46,Saab,92x,1996,19,2015,2,3,0
254,41,IL,250/500,500,1581.27,5000000,FEMALE,PhD,handlers-cleaners,own-child,229,1995,Single Vehicle Collision,Front Collision,Minor Damage,Police,NY,Riverwood,8,1,YES,2,2,NO,42200,-48000,63470,5770,11540,46160,40.14,BMW,X6,1999,16,2015,1,1,0
199,38,IL,250/500,1000,1281.25,0,FEMALE,High School,tech-support,other-relative,281,1991,Single Vehicle Collision,Front Collision,Major Damage,Police,WV,Columbus,6,1,,0,2,NO,0,-53100,44440,8080,4040,32320,34.68,BMW,X6,2007,8,2015,2,3,1
137,35,IN,250/500,500,1667.83,0,MALE,JD,prof-specialty,husband,59,2010,Parked Car,,Minor Damage,Police,WV,Northbrook,4,1,YES,1,1,NO,48500,-67400,6600,1200,1200,4200,3.96,Jeep,Grand Cherokee,2005,10,2015,2,1,0
134,36,OH,250/500,1000,1497.41,0,MALE,PhD,machine-op-inspct,husband,294,1990,Multi-vehicle Collision,Side Collision,Minor Damage,Ambulance,WV,Northbrook,17,3,NO,2,0,YES,14100,-44500,77200,9650,9650,57900,51.56,Ford,Escape,1996,19,2015,1,1,0
73,30,OH,100/300,500,803.36,0,FEMALE,High School,protective-serv,husband,69,2009,Multi-vehicle Collision,Rear Collision,Total Loss,Other,WV,Springfield,15,3,,0,0,YES,0,0,57000,0,11400,45600,70.95,Audi,A3,2013,2,2015,2,4,0
289,45,OH,250/500,2000,1221.41,0,FEMALE,Masters,farming-fishing,wife,184,1999,Vehicle Theft,,Trivial Damage,Police,WV,Riverwood,9,1,NO,2,1,NO,46700,-72500,2700,300,300,2100,2.21,Honda,Accord,2006,9,2015,2,2,0
176,36,OH,250/500,500,1865.83,5000000,MALE,College,transport-moving,unmarried,239,1995,Single Vehicle Collision,Rear Collision,Total Loss,Police,WV,Hillsdale,17,1,,2,1,YES,32800,-50600,47300,4300,8600,34400,25.35,Volkswagen,Jetta,2006,9,2015,2,4,0
145,37,OH,250/500,2000,1434.27,0,FEMALE,Associate,tech-support,unmarried,277,1991,Single Vehicle Collision,Rear Collision,Major Damage,Other,VA,Arlington,13,1,,2,3,,0,-35900,55110,5010,10020,40080,38.42,Nissan,Maxima,2002,13,2015,1,3,0
164,31,IN,500/1000,500,1114.68,0,FEMALE,Associate,other-service,husband,48,2011,Vehicle Theft,,Trivial Damage,Police,SC,Springfield,5,1,YES,1,0,NO,44500,-55900,4320,480,480,3360,3.88,Mercedes,E400,2002,13,2015,1,2,0
186,38,OH,250/500,2000,1218.56,0,FEMALE,Masters,transport-moving,husband,107,2006,Multi-vehicle Collision,Front Collision,Total Loss,Police,VA,Arlington,23,3,YES,2,2,,39300,-60300,68760,11460,5730,51570,56.43,Saab,95,1998,17,2015,3,4,1
85,31,IL,250/500,2000,1234.69,9000000,FEMALE,MD,tech-support,husband,131,2004,Multi-vehicle Collision,Front Collision,Major Damage,Other,WV,Arlington,1,2,NO,2,1,,0,0,74400,14880,7440,52080,60.26,BMW,M5,2003,12,2015,2,3,1
162,33,OH,250/500,500,964.92,0,FEMALE,Associate,exec-managerial,other-relative,289,1991,Multi-vehicle Collision,Rear Collision,Major Damage,Fire,NY,Hillsdale,17,4,NO,2,1,NO,45700,0,35300,3530,3530,28240,36.58,Mercedes,E400,1996,19,2015,2,3,1
396,57,IL,500/1000,500,1351.72,0,MALE,High School,tech-support,wife,220,1996,Parked Car,,Minor Damage,None,NY,Springfield,3,1,YES,1,3,,0,-49400,2640,480,480,1680,1.95,Volkswagen,Passat,2000,15,2015,2,1,0
270,41,IL,250/500,1000,817.28,0,MALE,High School,sales,unmarried,247,1994,Multi-vehicle Collision,Rear Collision,Total Loss,Ambulance,SC,Columbus,17,3,,1,1,NO,62200,0,60190,4630,9260,46300,73.65,Mercedes,ML350,2014,1,2015,1,4,1
168,39,IL,500/1000,1000,1389.59,0,FEMALE,Masters,machine-op-inspct,own-child,248,1994,Multi-vehicle Collision,Rear Collision,Major Damage,Fire,NY,Northbend,23,3,YES,1,3,NO,0,-42600,41580,3780,7560,30240,29.92,Chevrolet,Malibu,2015,0,2015,2,3,1
274,45,IN,250/500,1000,1353.53,0,FEMALE,JD,tech-support,unmarried,140,2003,Single Vehicle Collision,Side Collision,Minor Damage,Ambulance,NY,Columbus,13,1,YES,0,0,NO,54700,-47900,58500,11700,0,46800,43.22,Accura,MDX,1995,20,2015,1,1,1
263,43,IN,500/1000,1000,1294.04,0,FEMALE,Masters,handlers-cleaners,not-in-family,222,1996,Single Vehicle Collision,Rear Collision,Minor Damage,Fire,SC,Riverwood,17,1,YES,2,3,YES,0,0,79320,13220,6610,59490,61.30,Nissan,Ultima,1997,18,2015,1,1,0
152,33,OH,100/300,1000,840.81,0,FEMALE,High School,farming-fishing,husband,117,2005,Single Vehicle Collision,Rear Collision,Minor Damage,Ambulance,NY,Arlington,2,1,YES,0,2,,0,0,82610,7510,7510,67590,98.25,Ford,Escape,2002,13,2015,2,1,1
46,41,OH,100/300,2000,998.19,0,FEMALE,MD,priv-house-serv,husband,50,2010,Multi-vehicle Collision,Rear Collision,Total Loss,Ambulance,SC,Hillsdale,23,3,NO,1,3,,43700,-66300,78600,13100,19650,45850,78.74,Dodge,RAM,2004,11,2015,1,4,1
276,46,OH,100/300,2000,1090.32,0,MALE,College,handlers-cleaners,husband,30,2012,Single Vehicle Collision,Front Collision,Minor Damage,Ambulance,SC,Columbus,17,1,NO,1,2,,0,-70400,51390,5710,5710,39970,47.13,Volkswagen,Jetta,2007,8,2015,1,1,1
234,44,IN,500/1000,500,1780.67,0,MALE,Associate,other-service,other-relative,152,2002,Single Vehicle Collision,Side Collision,Major Damage,Ambulance,NC,Springfield,3,1,NO,1,0,NO,0,0,70200,7020,7020,56160,39.42,Ford,F150,2012,3,2015,2,3,1
64,30,IL,250/500,2000,1681.01,0,MALE,JD,protective-serv,own-child,281,1991,Parked Car,,Minor Damage,None,SC,Riverwood,16,1,NO,2,1,NO,0,-51100,4900,490,1470,2940,2.91,Jeep,Wrangler,2015,0,2015,2,1,0
456,62,OH,250/500,1000,1395.77,0,FEMALE,MD,protective-serv,own-child,68,2009,Multi-vehicle Collision,Side Collision,Major Damage,Other,PA,Hillsdale,13,3,,1,3,NO,82600,-49500,66480,5540,11080,49860,47.63,Saab,92x,2012,3,2015,2,3,1
58,23,OH,500/1000,2000,1471.44,5000000,MALE,High School,transport-moving,own-child,272,1992,Single Vehicle Collision,Rear Collision,Major Damage,Fire,NC,Riverwood,8,1,NO,2,1,NO,57500,0,50380,4580,9160,36640,34.24,Chevrolet,Tahoe,2007,8,2015,1,3,1
475,61,IL,500/1000,500,1265.72,0,FEMALE,Masters,handlers-cleaners,wife,126,2004,Single Vehicle Collision,Front Collision,Major Damage,Fire,SC,Columbus,23,1,YES,0,2,,0,-59500,64350,9900,9900,44550,50.84,Mercedes,E400,1998,17,2015,2,3,0
96,29,IN,250/500,1000,1274.70,5000000,MALE,College,prof-specialty,other-relative,97,2006,Multi-vehicle Collision,Rear Collision,Major Damage,Ambulance,NC,Springfield,15,3,YES,2,3,YES,47500,-58700,55400,5540,11080,38780,43.46,Chevrolet,Silverado,2004,11,2015,1,3,1
99,28,OH,100/300,500,1330.39,0,MALE,MD,prof-specialty,wife,90,2007,Single Vehicle Collision,Front Collision,Total Loss,Other,NY,Columbus,3,1,NO,2,2,YES,0,0,49900,4990,9980,34930,37.51,Dodge,Neon,1998,17,2015,1,4,0
38,28,OH,500/1000,500,1122.95,4000000,MALE,Masters,priv-house-serv,other-relative,246,1994,Multi-vehicle Collision,Side Collision,Minor Damage,Ambulance,WV,Northbrook,4,3,NO,0,3,YES,78000,0,74880,12480,12480,49920,66.68,Accura,TL,2000,15,2015,2,1,0
259,44,OH,250/500,2000,1655.79,0,FEMALE,Masters,exec-managerial,husband,225,1996,Single Vehicle Collision,Front Collision,Minor Damage,Other,NY,Northbend,8,1,YES,0,0,YES,0,0,105820,16280,16280,73260,63.91,Audi,A3,2002,13,2015,1,1,0
241,43,IN,250/500,1000,935.77,0,MALE,Associate,prof-specialty,own-child,266,1992,Vehicle Theft,,Trivial Damage,Police,PA,Northbend,21,1,NO,1,0,YES,0,-36000,7150,1300,650,5200,7.64,Volkswagen,Jetta,2003,12,2015,2,2,0
437,58,IN,500/1000,2000,1192.04,0,MALE,Associate,craft-repair,own-child,53,2010,Single Vehicle Collision,Front Collision,Total Loss,Ambulance,SC,Northbrook,23,1,YES,0,0,NO,66100,-31400,55800,11160,11160,33480,46.81,Dodge,RAM,2004,11,2015,1,4,0
130,34,OH,100/300,500,990.11,0,MALE,Masters,sales,other-relative,70,2009,Parked Car,,Trivial Damage,None,NY,Riverwood,8,1,,1,3,YES,0,-41200,5830,1060,1060,3710,5.89,Dodge,RAM,2015,0,2015,1,2,0
269,41,OH,100/300,2000,1422.21,0,FEMALE,Associate,handlers-cleaners,unmarried,222,1996,Single Vehicle Collision,Side Collision,Major Damage,Ambulance,WV,Riverwood,21,1,YES,2,1,NO,0,-46400,85900,17180,17180,51540,60.40,Suburu,Forrestor,2005,10,2015,1,3,1
103,29,OH,500/1000,500,914.85,0,MALE,Associate,prof-specialty,other-relative,246,1994,Parked Car,,Minor Damage,Police,OH,Columbus,5,1,NO,2,3,NO,72100,0,7110,790,1580,4740,7.77,Accura,MDX,2005,10,2015,2,1,0
284,43,IL,250/500,500,1123.84,0,MALE,PhD,prof-specialty,other-relative,276,1992,Multi-vehicle Collision,Side Collision,Total Loss,Fire,WV,Columbus,12,3,NO,0,0,YES,48200,0,36960,6720,3360,26880,32.89,Chevrolet,Tahoe,2007,8,2015,1,4,0
189,39,OH,250/500,2000,838.02,0,FEMALE,College,tech-support,own-child,209,1997,Multi-vehicle Collision,Rear Collision,Minor Damage,Police,VA,Northbrook,7,3,,2,0,YES,0,0,64400,6440,6440,51520,76.85,Dodge,Neon,1997,18,2015,2,1,0
267,43,OH,250/500,500,1300.68,0,MALE,PhD,adm-clerical,unmarried,155,2002,Parked Car,,Minor Damage,None,NC,Northbend,0,1,NO,1,3,YES,49000,0,1920,480,0,1440,1.48,Chevrolet,Tahoe,2011,4,2015,1,1,0
39,22,IN,500/1000,500,1173.21,0,MALE,JD,farming-fishing,not-in-family,265,1993,Single Vehicle Collision,Rear Collision,Major Damage,Police,SC,Northbend,14,1,YES,0,1,YES,0,0,86130,15660,7830,62640,73.41,Suburu,Legacy,2009,6,2015,2,3,1
140,32,IL,250/500,1000,985.97,5000000,FEMALE,College,protective-serv,other-relative,220,1996,Single Vehicle Collision,Side Collision,Major Damage,Fire,VA,Northbrook,13,1,,2,3,,0,0,82170,14940,7470,59760,83.34,Chevrolet,Silverado,1995,20,2015,2,3,1
243,41,IN,100/300,1000,1129.23,0,FEMALE,College,farming-fishing,own-child,214,1997,Single Vehicle Collision,Front Collision,Major Damage,Fire,WV,Hillsdale,1,1,,1,0,YES,17300,-60400,50300,10060,5030,35210,44.54,Suburu,Legacy,1999,16,2015,2,3,1
116,31,IN,250/500,500,1194.83,0,FEMALE,MD,prof-specialty,husband,74,2008,Single Vehicle Collision,Side Collision,Major Damage,Police,SC,Riverwood,23,1,NO,0,0,NO,28600,0,44200,4420,8840,30940,36.99,Suburu,Forrestor,1997,18,2015,1,3,0
219,43,IN,100/300,1000,1114.29,0,FEMALE,High School,transport-moving,other-relative,151,2002,Single Vehicle Collision,Side Collision,Major Damage,Ambulance,VA,Northbrook,1,1,,2,2,YES,51300,0,66660,6060,6060,54540,59.82,Toyota,Highlander,2006,9,2015,1,3,0
96,26,OH,250/500,2000,1509.04,0,FEMALE,Associate,prof-specialty,husband,112,2005,Single Vehicle Collision,Front Collision,Total Loss,Ambulance,SC,Riverwood,9,1,YES,2,3,NO,10000,0,78320,7120,14240,56960,51.90,Saab,92x,2007,8,2015,2,4,0
149,34,IN,250/500,500,664.86,0,FEMALE,PhD,craft-repair,wife,114,2005,Single Vehicle Collision,Rear Collision,Total Loss,Fire,WV,Columbus,3,1,,0,1,NO,0,-60000,105040,16160,16160,72720,157.99,Dodge,RAM,1999,16,2015,2,4,0
246,43,IN,250/500,1000,1267.40,6000000,MALE,JD,adm-clerical,husband,25,2013,Single Vehicle Collision,Side Collision,Minor Damage,Fire,NY,Hillsdale,0,1,NO,2,1,,0,0,50700,5070,5070,40560,40.00,Accura,RSX,2006,9,2015,2,1,0
293,45,IL,100/300,1000,1119.23,0,FEMALE,MD,exec-managerial,unmarried,274,1992,Multi-vehicle Collision,Front Collision,Total Loss,Fire,WV,Northbend,13,3,NO,1,1,NO,51500,0,51210,11380,5690,34140,45.75,Jeep,Wrangler,2015,0,2015,2,4,0
339,48,OH,100/300,500,1698.51,0,MALE,JD,other-service,unmarried,112,2005,Multi-vehicle Collision,Rear Collision,Total Loss,Fire,SC,Hillsdale,18,3,NO,2,1,,0,0,51840,8640,8640,34560,30.52,Volkswagen,Jetta,2001,14,2015,2,4,0
160,33,IL,500/1000,1000,1422.78,0,FEMALE,High School,exec-managerial,husband,71,2009,Multi-vehicle Collision,Front Collision,Total Loss,Ambulance,NC,Riverwood,17,3,,2,3,YES,61600,0,52800,5280,5280,42240,37.11,Nissan,Pathfinder,2006,9,2015,1,4,0
224,42,OH,500/1000,500,1212.75,0,FEMALE,College,prof-specialty,own-child,118,2005,Single Vehicle Collision,Front Collision,Minor Damage,Fire,WV,Springfield,11,1,,0,0,YES,0,-51400,55200,9200,13800,32200,45.52,Honda,Civic,1998,17,2015,1,1,0
194,34,IN,100/300,1000,1423.34,0,MALE,Associate,sales,not-in-family,248,1994,Vehicle Theft,,Minor Damage,None,WV,Riverwood,0,1,YES,0,3,NO,55300,-37900,9100,1400,1400,6300,6.39,Chevrolet,Malibu,2003,12,2015,1,1,0
385,51,IN,250/500,1000,976.37,0,FEMALE,MD,craft-repair,husband,295,1990,Multi-vehicle Collision,Rear Collision,Minor Damage,Other,WV,Riverwood,14,3,,1,3,,0,-61000,67600,13520,6760,47320,69.24,Suburu,Legacy,2007,8,2015,2,1,0
100,33,OH,250/500,500,1124.59,6000000,MALE,College,adm-clerical,not-in-family,118,2005,Single Vehicle Collision,Rear Collision,Minor Damage,Other,NC,Columbus,4,1,NO,1,2,NO,67300,0,40800,6800,6800,27200,36.28,BMW,X5,2004,11,2015,2,1,0
371,50,IN,250/500,1000,1569.33,0,MALE,PhD,machine-op-inspct,not-in-family,251,1994,Multi-vehicle Collision,Side Collision,Major Damage,Other,WV,Springfield,2,3,NO,2,1,YES,79600,0,84500,13000,13000,58500,53.84,Volkswagen,Passat,2011,4,2015,1,3,1
175,39,IN,500/1000,500,1359.36,5000000,MALE,PhD,exec-managerial,husband,239,1995,Multi-vehicle Collision,Front Collision,Major Damage,Other,SC,Arlington,9,3,YES,2,2,YES,0,-43600,71610,13020,6510,52080,52.68,Toyota,Highlander,2012,3,2015,2,3,1
373,55,IN,250/500,500,1607.36,0,MALE,MD,sales,own-child,93,2007,Multi-vehicle Collision,Rear Collision,Major Damage,Other,SC,Arlington,21,4,,0,2,NO,0,0,60600,6060,12120,42420,37.70,Dodge,RAM,2007,8,2015,1,3,1
258,41,IL,100/300,500,1042.25,0,MALE,Masters,exec-managerial,unmarried,168,2001,Multi-vehicle Collision,Rear Collision,Major Damage,Fire,NC,Riverwood,0,3,NO,2,3,NO,0,-44400,81240,6770,20310,54160,77.95,Mercedes,C300,2008,7,2015,2,3,1
255,39,OH,250/500,500,1453.95,0,FEMALE,PhD,armed-forces,not-in-family,162,2001,Multi-vehicle Collision,Side Collision,Total Loss,Fire,WV,Springfield,17,3,YES,0,3,NO,38200,0,29300,2930,5860,20510,20.15,Audi,A3,2010,5,2015,1,4,0
37,31,IL,500/1000,500,1969.63,0,FEMALE,MD,sales,own-child,77,2008,Multi-vehicle Collision,Side Collision,Total Loss,Fire,WV,Northbend,21,3,NO,1,1,YES,0,0,76450,6950,13900,55600,38.81,Dodge,RAM,1995,20,2015,2,4,0
322,44,IL,100/300,1000,1156.19,0,FEMALE,College,machine-op-inspct,husband,122,2004,Multi-vehicle Collision,Side Collision,Major Damage,Fire,NY,Northbrook,20,3,YES,0,3,,49900,-62700,49400,9880,4940,34580,42.73,Jeep,Wrangler,2010,5,2015,2,3,0
204,38,IL,100/300,2000,1124.47,0,FEMALE,MD,tech-support,wife,171,2000,Single Vehicle Collision,Side Collision,Total Loss,Ambulance,SC,Northbrook,5,1,NO,0,1,,0,-45100,90530,16460,16460,57610,80.51,Ford,F150,2003,12,2015,2,4,0
76,31,OH,500/1000,500,1493.50,5000000,FEMALE,Associate,priv-house-serv,not-in-family,94,2007,Vehicle Theft,,Minor Damage,Police,WV,Northbrook,7,1,NO,2,1,NO,39900,-44000,8030,1460,730,5840,5.38,Mercedes,E400,1995,20,2015,1,1,0
193,40,IL,100/300,500,1155.38,0,FEMALE,PhD,handlers-cleaners,not-in-family,121,2004,Single Vehicle Collision,Side Collision,Minor Damage,Fire,NY,Columbus,6,1,NO,0,0,YES,34200,-32300,63900,6390,6390,51120,55.31,Accura,TL,2001,14,2015,1,1,0
405,55,IL,250/500,500,878.19,0,MALE,PhD,machine-op-inspct,unmarried,188,1999,Multi-vehicle Collision,Rear Collision,Minor Damage,Fire,NC,Northbend,2,4,YES,0,2,NO,57100,0,38640,4830,4830,28980,44.00,Chevrolet,Tahoe,1997,18,2015,3,1,0
435,58,IN,100/300,2000,1145.85,0,MALE,JD,sales,not-in-family,206,1997,Multi-vehicle Collision,Rear Collision,Total Loss,Other,NY,Columbus,19,3,,1,1,YES,0,-40000,41490,9220,4610,27660,36.21,Mercedes,E400,2004,11,2015,1,4,0
54,35,IN,100/300,500,1261.28,0,FEMALE,MD,protective-serv,unmarried,53,2010,Multi-vehicle Collision,Side Collision,Minor Damage,Fire,VA,Springfield,21,3,YES,2,0,,68500,-42100,79090,14380,7190,57520,62.71,Nissan,Maxima,2012,3,2015,2,1,0
144,35,IL,100/300,500,1427.46,0,MALE,High School,machine-op-inspct,wife,257,1993,Multi-vehicle Collision,Side Collision,Major Damage,Police,WV,Springfield,3,3,,0,0,,0,0,87900,17580,8790,61530,61.58,Dodge,Neon,1995,20,2015,1,3,0
92,32,IL,500/1000,500,1592.41,0,MALE,Masters,prof-specialty,husband,205,1998,Single Vehicle Collision,Rear Collision,Total Loss,Ambulance,WV,Columbus,22,1,,2,3,YES,58900,-29100,53400,5340,5340,42720,33.53,Jeep,Wrangler,1996,19,2015,2,4,0
173,36,OH,250/500,1000,1274.63,0,MALE,College,machine-op-inspct,unmarried,90,2007,Single Vehicle Collision,Rear Collision,Total Loss,Fire,SC,Springfield,22,1,YES,2,3,NO,51000,0,52030,9460,9460,33110,40.82,Accura,MDX,1995,20,2015,2,4,0
436,60,IN,250/500,500,1362.31,0,MALE,High School,prof-specialty,wife,273,1992,Single Vehicle Collision,Front Collision,Minor Damage,Ambulance,VA,Arlington,16,1,NO,0,2,NO,67600,-65300,82060,14920,7460,59680,60.24,Saab,93,2005,10,2015,1,1,0
155,35,OH,250/500,1000,919.37,0,FEMALE,Associate,protective-serv,not-in-family,257,1993,Single Vehicle Collision,Front Collision,Minor Damage,Ambulance,NY,Northbrook,0,1,,0,3,,83600,0,48360,8060,8060,32240,52.60,Nissan,Maxima,1997,18,2015,1,1,0
78,31,OH,250/500,1000,1377.23,0,FEMALE,Masters,armed-forces,unmarried,287,1991,Multi-vehicle Collision,Side Collision,Minor Damage,Other,NY,Hillsdale,1,3,,2,1,,72600,0,52290,5810,11620,34860,37.97,Nissan,Maxima,1997,18,2015,3,1,0
440,57,IL,100/300,1000,995.55,5000000,MALE,College,protective-serv,wife,95,2007,Multi-vehicle Collision,Rear Collision,Major Damage,Police,SC,Arlington,19,3,YES,0,3,,51500,-52100,68200,12400,12400,43400,68.50,Jeep,Wrangler,2007,8,2015,2,3,1
264,43,IL,100/300,500,1508.12,6000000,MALE,PhD,craft-repair,wife,56,2010,Multi-vehicle Collision,Rear Collision,Major Damage,Other,NY,Columbus,0,3,,2,1,NO,0,0,60750,13500,6750,40500,40.28,Jeep,Wrangler,2015,0,2015,1,3,1
66,30,IN,500/1000,500,484.67,0,FEMALE,College,adm-clerical,wife,139,2003,Multi-vehicle Collision,Front Collision,Major Damage,Fire,SC,Arlington,2,3,,0,2,YES,21100,-60800,65560,11920,11920,41720,135.27,Volkswagen,Passat,2015,0,2015,1,3,1
366,50,IN,500/1000,1000,1561.41,0,FEMALE,High School,handlers-cleaners,husband,294,1990,Multi-vehicle Collision,Rear Collision,Minor Damage,Police,NY,Arlington,5,3,YES,1,3,NO,21200,0,70290,12780,12780,44730,45.02,Mercedes,C300,2012,3,2015,1,1,0
188,37,OH,100/300,500,1457.21,0,FEMALE,JD,adm-clerical,own-child,244,1994,Single Vehicle Collision,Rear Collision,Total Loss,Ambulance,SC,Columbus,6,1,,2,0,YES,46300,0,45000,5000,5000,35000,30.88,Suburu,Forrestor,2003,12,2015,1,4,0
224,39,IL,500/1000,1000,1128.71,0,FEMALE,JD,prof-specialty,other-relative,32,2012,Multi-vehicle Collision,Rear Collision,Total Loss,Fire,VA,Riverwood,21,3,YES,2,1,,0,-47100,61800,12360,6180,43260,54.75,Suburu,Impreza,2007,8,2015,2,4,0
253,46,IL,100/300,500,1358.20,0,FEMALE,MD,transport-moving,husband,106,2006,Multi-vehicle Collision,Front Collision,Major Damage,Ambulance,NY,Columbus,11,3,YES,0,0,NO,52900,0,64570,5870,11740,46960,47.54,Jeep,Wrangler,2001,14,2015,2,3,0
446,61,IL,100/300,1000,1232.79,0,FEMALE,High School,adm-clerical,unmarried,189,1999,Single Vehicle Collision,Rear Collision,Minor Damage,Other,VA,Springfield,3,1,YES,2,0,YES,49900,-62100,70500,7050,14100,49350,57.19,Suburu,Forrestor,2007,8,2015,1,1,0
169,37,IL,100/300,1000,936.19,0,MALE,JD,armed-forces,other-relative,158,2001,Multi-vehicle Collision,Side Collision,Total Loss,Police,SC,Northbrook,4,3,,2,1,YES,70600,-48500,57900,17370,5790,34740,61.85,Audi,A5,2005,10,2015,2,4,0
255,46,IL,250/500,500,1302.34,0,FEMALE,JD,prof-specialty,own-child,98,2006,Multi-vehicle Collision,Front Collision,Minor Damage,Fire,WV,Northbrook,2,3,NO,1,0,NO,0,-52600,57860,5260,10520,42080,44.43,Volkswagen,Jetta,2011,4,2015,1,1,0
209,39,IN,100/300,500,1264.99,0,MALE,PhD,transport-moving,husband,217,1996,Single Vehicle Collision,Side Collision,Minor Damage,Fire,VA,Northbrook,22,1,,1,1,NO,67800,0,37800,8400,4200,25200,29.88,Chevrolet,Silverado,1995,20,2015,1,1,0
210,37,OH,500/1000,500,1467.76,0,FEMALE,MD,tech-support,own-child,31,2012,Single Vehicle Collision,Front Collision,Total Loss,Ambulance,NY,Northbend,8,1,,1,3,YES,38700,-33100,63300,6330,6330,50640,43.13,Toyota,Highlander,2000,15,2015,2,4,0
174,33,IN,250/500,2000,1124.43,0,FEMALE,College,farming-fishing,own-child,9,2014,Multi-vehicle Collision,Rear Collision,Total Loss,Ambulance,WV,Northbrook,14,3,YES,0,1,YES,0,0,44200,8840,4420,30940,39.31,Saab,93,1995,20,2015,1,4,0
70,28,IL,250/500,1000,1319.81,0,MALE,High School,machine-op-inspct,husband,135,2003,Multi-vehicle Collision,Side Collision,Minor Damage,Police,WV,Arlington,14,4,NO,1,0,YES,67200,-59400,31680,3520,3520,24640,24.00,Toyota,Camry,2006,9,2015,1,1,0
89,32,IN,100/300,2000,1482.53,0,FEMALE,MD,tech-support,not-in-family,0,2015,Parked Car,,Trivial Damage,Police,WV,Northbrook,5,1,YES,1,2,,49100,-45100,100,10,20,70,0.07,Audi,A3,2002,13,2015,1,2,0
458,61,IN,100/300,1000,1328.18,0,FEMALE,High School,protective-serv,other-relative,266,1992,Single Vehicle Collision,Front Collision,Minor Damage,Fire,WV,Columbus,18,1,NO,2,1,NO,53000,0,56340,6260,6260,43820,42.42,Volkswagen,Passat,2003,12,2015,2,1,0
239,40,IN,100/300,500,1463.95,0,FEMALE,JD,sales,own-child,123,2004,Multi-vehicle Collision,Rear Collision,Total Loss,Police,NC,Springfield,20,3,,0,0,YES,0,0,69740,6340,6340,57060,47.64,Dodge,Neon,2003,12,2015,2,4,0
161,38,IL,100/300,2000,1133.85,0,MALE,PhD,priv-house-serv,not-in-family,132,2004,Multi-vehicle Collision,Front Collision,Total Loss,Police,WV,Springfield,0,3,YES,2,2,YES,60200,0,60480,5040,15120,40320,53.34,Volkswagen,Jetta,2003,12,2015,1,4,0
446,61,IN,500/1000,1000,1037.32,0,FEMALE,High School,tech-support,wife,108,2006,Multi-vehicle Collision,Rear Collision,Minor Damage,Police,NC,Hillsdale,1,3,,2,1,NO,0,-15700,80880,6740,13480,60660,77.97,Nissan,Ultima,2005,10,2015,1,1,0
476,61,IN,250/500,1000,1562.80,0,FEMALE,Masters,handlers-cleaners,not-in-family,261,1993,Single Vehicle Collision,Front Collision,Total Loss,Fire,WV,Hillsdale,10,1,,1,2,YES,42800,-68200,49390,8980,4490,35920,31.60,Suburu,Legacy,2009,6,2015,1,4,0
70,29,IN,100/300,1000,1425.79,0,FEMALE,MD,armed-forces,other-relative,97,2006,Single Vehicle Collision,Front Collision,Minor Damage,Ambulance,NC,Riverwood,12,1,NO,0,3,,62400,-52300,69360,11560,11560,46240,48.65,Dodge,RAM,2009,6,2015,1,1,0
233,41,OH,500/1000,2000,1615.14,0,FEMALE,Associate,tech-support,other-relative,209,1997,Vehicle Theft,,Minor Damage,None,NY,Springfield,6,1,NO,0,1,,67100,0,3740,680,680,2380,2.32,Chevrolet,Malibu,2011,4,2015,1,1,0
122,33,IL,250/500,500,1236.50,0,MALE,PhD,other-service,husband,284,1991,Parked Car,,Trivial Damage,None,NY,Hillsdale,1,1,NO,0,1,NO,0,-48700,5060,460,920,3680,4.09,Nissan,Ultima,2003,12,2015,2,2,0
335,48,IL,500/1000,2000,1017.97,0,FEMALE,MD,machine-op-inspct,wife,233,1995,Multi-vehicle Collision,Front Collision,Total Loss,Police,WV,Columbus,21,3,NO,0,0,YES,59900,-34800,35860,3260,6520,26080,35.23,BMW,X5,2005,10,2015,2,4,1
257,40,IN,100/300,2000,1306.00,0,MALE,Associate,machine-op-inspct,husband,180,2000,Multi-vehicle Collision,Front Collision,Major Damage,Ambulance,NY,Columbus,3,3,YES,2,1,,46100,-46900,50050,7700,3850,38500,38.32,Ford,Fusion,2008,7,2015,2,3,1
85,27,IL,500/1000,2000,1174.14,0,MALE,College,priv-house-serv,unmarried,223,1996,Multi-vehicle Collision,Rear Collision,Minor Damage,Fire,NY,Northbend,14,4,YES,0,0,NO,50400,-61500,59070,10740,5370,42960,50.31,Toyota,Camry,2012,3,2015,2,1,0
133,30,IN,500/1000,1000,1231.01,0,MALE,College,adm-clerical,husband,113,2005,Multi-vehicle Collision,Front Collision,Minor Damage,Fire,SC,Riverwood,19,3,NO,1,2,,0,-31700,28440,3160,3160,22120,23.10,Dodge,Neon,2007,8,2015,2,1,0
119,34,IL,250/500,500,1299.18,0,FEMALE,College,tech-support,wife,37,2011,Single Vehicle Collision,Front Collision,Major Damage,Fire,OH,Springfield,7,1,YES,2,1,YES,57100,0,45540,8280,8280,28980,35.05,Honda,Civic,1998,17,2015,1,3,1
169,34,IN,100/300,500,1469.75,0,FEMALE,JD,sales,not-in-family,222,1996,Single Vehicle Collision,Rear Collision,Minor Damage,Fire,VA,Arlington,0,1,,0,0,YES,0,-57600,38700,7740,3870,27090,26.33,Volkswagen,Passat,2012,3,2015,1,1,0
225,39,OH,250/500,500,1390.72,0,MALE,Masters,tech-support,other-relative,226,1996,Parked Car,,Trivial Damage,None,SC,Northbrook,6,1,YES,2,1,YES,83900,-52100,5830,1060,530,4240,4.19,Nissan,Pathfinder,2011,4,2015,2,2,0
84,32,IL,500/1000,500,1694.09,7000000,FEMALE,Associate,prof-specialty,husband,166,2001,Single Vehicle Collision,Rear Collision,Total Loss,Other,NY,Northbend,0,1,YES,0,2,,0,0,57240,4770,9540,42930,33.79,BMW,X6,1995,20,2015,1,4,1
169,39,OH,100/300,2000,1140.15,0,MALE,High School,armed-forces,husband,159,2001,Multi-vehicle Collision,Rear Collision,Total Loss,Police,VA,Riverwood,9,3,YES,0,3,NO,0,-36800,46200,4200,8400,33600,40.52,Suburu,Legacy,2015,0,2015,1,4,0
124,32,IN,100/300,1000,1310.71,0,FEMALE,Masters,farming-fishing,wife,102,2006,Single Vehicle Collision,Side Collision,Total Loss,Ambulance,NY,Columbus,23,1,YES,0,1,NO,29300,0,57700,5770,5770,46160,44.02,Toyota,Camry,2003,12,2015,2,4,0
320,48,IL,250/500,2000,1730.49,7000000,MALE,College,transport-moving,not-in-family,21,2013,Multi-vehicle Collision,Front Collision,Minor Damage,Fire,WV,Northbrook,13,3,NO,2,0,NO,46300,-41700,56160,4680,9360,42120,32.45,Saab,95,1995,20,2015,1,1,0
297,47,IN,250/500,500,1616.65,7000000,MALE,MD,adm-clerical,unmarried,62,2009,Multi-vehicle Collision,Side Collision,Total Loss,Fire,WV,Columbus,0,3,,0,3,YES,0,-59500,44400,5550,5550,33300,27.46,Jeep,Grand Cherokee,1999,16,2015,1,4,0
421,56,IN,100/300,500,1935.85,4000000,MALE,Masters,machine-op-inspct,own-child,299,1990,Single Vehicle Collision,Rear Collision,Major Damage,Ambulance,NY,Hillsdale,7,1,,2,3,,49500,-81100,92730,16860,8430,67440,47.90,Mercedes,E400,2004,11,2015,1,3,1
136,33,OH,250/500,1000,855.14,0,FEMALE,PhD,craft-repair,not-in-family,153,2002,Single Vehicle Collision,Side Collision,Minor Damage,Fire,NC,Northbrook,23,1,YES,0,1,YES,37900,0,30700,3070,6140,21490,35.90,Toyota,Corolla,2015,0,2015,1,1,0
46,24,OH,250/500,2000,1568.47,4000000,FEMALE,High School,armed-forces,unmarried,192,1999,Single Vehicle Collision,Side Collision,Major Damage,Fire,NY,Northbrook,7,1,NO,2,0,,46800,0,56600,11320,5660,39620,36.09,Toyota,Camry,1999,16,2015,2,3,0
34,24,IN,500/1000,2000,1550.53,0,FEMALE,MD,armed-forces,own-child,44,2011,Parked Car,,Trivial Damage,None,VA,Hillsdale,20,1,YES,0,1,,0,-27700,3960,660,660,2640,2.55,Audi,A3,1998,17,2015,2,2,0
95,30,IL,250/500,2000,1370.92,0,MALE,College,transport-moving,unmarried,239,1995,Single Vehicle Collision,Rear Collision,Minor Damage,Police,SC,Arlington,22,1,YES,0,3,,48900,0,34800,3480,6960,24360,25.38,Accura,MDX,1999,16,2015,2,1,0
140,36,IN,250/500,500,1363.59,0,FEMALE,JD,armed-forces,not-in-family,285,1991,Multi-vehicle Collision,Rear Collision,Minor Damage,Other,NY,Riverwood,10,3,,2,0,YES,43200,0,79500,7950,7950,63600,58.30,Chevrolet,Tahoe,2000,15,2015,2,1,0
200,34,IN,250/500,1000,828.42,3000000,FEMALE,College,prof-specialty,other-relative,157,2001,Single Vehicle Collision,Front Collision,Total Loss,Police,NY,Arlington,10,1,,2,2,NO,0,0,56000,5600,5600,44800,67.60,Chevrolet,Malibu,2009,6,2015,1,4,0
123,29,IN,250/500,500,1209.63,0,FEMALE,Masters,machine-op-inspct,not-in-family,29,2012,Single Vehicle Collision,Rear Collision,Minor Damage,Ambulance,NC,Arlington,17,1,YES,1,0,YES,64800,-44200,73260,16280,0,56980,60.56,Volkswagen,Jetta,2014,1,2015,1,1,1
267,46,OH,250/500,2000,1111.17,0,MALE,MD,craft-repair,unmarried,126,2004,Parked Car,,Trivial Damage,None,WV,Arlington,3,1,YES,2,3,YES,35000,0,4950,900,450,3600,4.45,Toyota,Camry,1995,20,2015,2,2,0
290,42,IN,500/1000,500,989.97,0,MALE,Masters,machine-op-inspct,own-child,12,2014,Single Vehicle Collision,Rear Collision,Minor Damage,Ambulance,WV,Hillsdale,10,1,NO,0,1,NO,32500,0,48000,4800,9600,33600,48.49,Saab,95,2013,2,2015,1,1,0
45,37,IN,250/500,1000,1114.23,0,MALE,College,prof-specialty,wife,37,2011,Single Vehicle Collision,Side Collision,Major Damage,Fire,SC,Arlington,1,1,YES,0,1,YES,0,0,52200,10440,5220,36540,46.85,Nissan,Pathfinder,2005,10,2015,1,3,0
186,38,IN,250/500,2000,1347.31,0,FEMALE,JD,protective-serv,unmarried,79,2008,Multi-vehicle Collision,Rear Collision,Minor Damage,Ambulance,NY,Springfield,1,3,NO,2,3,,80900,-111100,73800,12300,12300,49200,54.78,Audi,A3,1995,20,2015,2,1,0
135,34,IL,250/500,2000,1687.53,0,FEMALE,JD,protective-serv,other-relative,200,1998,Single Vehicle Collision,Side Collision,Total Loss,Fire,NC,Northbend,7,1,,1,2,NO,0,-69600,78200,15640,7820,54740,46.34,Audi,A3,2009,6,2015,1,4,0
110,33,IN,250/500,1000,1183.48,0,MALE,Associate,other-service,husband,237,1995,Single Vehicle Collision,Rear Collision,Major Damage,Ambulance,VA,Northbend,19,1,,2,3,NO,0,0,55200,13800,9200,32200,46.64,Saab,93,2015,0,2015,1,3,1
259,43,IL,500/1000,2000,1537.13,0,FEMALE,PhD,handlers-cleaners,own-child,275,1992,Multi-vehicle Collision,Side Collision,Total Loss,Other,NY,Northbend,3,3,NO,0,2,YES,0,-58300,57060,6340,6340,44380,37.12,Ford,Fusion,2012,3,2015,1,4,0
114,30,OH,250/500,1000,1173.25,0,FEMALE,Masters,protective-serv,husband,91,2007,Vehicle Theft,,Minor Damage,None,WV,Arlington,3,1,NO,0,3,YES,0,-34700,4680,520,520,3640,3.99,Chevrolet,Malibu,2013,2,2015,2,1,0
404,56,IN,250/500,1000,1361.16,4000000,FEMALE,Masters,transport-moving,not-in-family,57,2010,Single Vehicle Collision,Front Collision,Minor Damage,Ambulance,VA,Hillsdale,23,1,NO,2,0,YES,0,-63700,53100,5310,5310,42480,39.01,Accura,MDX,2005,10,2015,1,1,1
282,48,OH,500/1000,2000,1422.56,7000000,FEMALE,MD,prof-specialty,husband,287,1991,Vehicle Theft,,Minor Damage,None,WV,Springfield,7,1,,1,2,NO,26900,-55300,3520,640,320,2560,2.47,Accura,MDX,2013,2,2015,2,1,0
57,25,IL,500/1000,2000,1143.06,0,FEMALE,Masters,tech-support,own-child,228,1996,Multi-vehicle Collision,Front Collision,Total Loss,Ambulance,VA,Riverwood,0,3,NO,0,1,YES,63100,-54100,72900,14580,14580,43740,63.78,Nissan,Maxima,2010,5,2015,1,4,0
215,38,IN,250/500,500,1405.71,0,FEMALE,PhD,craft-repair,unmarried,59,2010,Single Vehicle Collision,Rear Collision,Total Loss,Police,SC,Arlington,10,1,,0,1,NO,0,0,70700,7070,14140,49490,50.29,Volkswagen,Passat,2008,7,2015,2,4,0
140,30,IL,100/300,500,1354.20,0,FEMALE,College,adm-clerical,wife,8,2014,Multi-vehicle Collision,Side Collision,Minor Damage,Other,SC,Columbus,4,4,,0,0,,100500,0,60170,5470,10940,43760,44.43,Nissan,Pathfinder,2006,9,2015,2,1,0
250,42,IN,100/300,500,1055.60,0,MALE,High School,exec-managerial,husband,122,2004,Single Vehicle Collision,Rear Collision,Major Damage,Other,SC,Columbus,16,1,,1,1,,69500,-40700,74800,13600,6800,54400,70.86,Ford,Fusion,2009,6,2015,1,3,1
286,41,IL,250/500,1000,999.43,0,MALE,College,prof-specialty,wife,173,2000,Vehicle Theft,,Trivial Damage,Police,WV,Northbend,3,1,YES,2,0,,25800,0,4100,820,410,2870,4.10,Chevrolet,Malibu,2009,6,2015,1,2,0
356,47,IN,250/500,2000,1155.97,0,MALE,High School,prof-specialty,husband,114,2005,Single Vehicle Collision,Side Collision,Minor Damage,Other,SC,Columbus,5,1,YES,0,3,,0,0,61490,5590,11180,44720,53.19,Dodge,RAM,2009,6,2015,2,1,0
65,29,IL,250/500,1000,1726.91,0,MALE,High School,other-service,own-child,293,1990,Vehicle Theft,,Trivial Damage,None,VA,Hillsdale,14,1,,0,0,,0,0,7200,720,1440,5040,4.17,Audi,A5,1999,16,2015,1,2,0
187,34,IN,500/1000,500,1232.57,0,FEMALE,PhD,machine-op-inspct,not-in-family,143,2003,Multi-vehicle Collision,Side Collision,Minor Damage,Fire,NY,Arlington,7,3,,0,0,,59500,0,45100,8200,4100,32800,36.59,Nissan,Pathfinder,2011,4,2015,2,1,0
386,53,OH,250/500,500,1078.65,0,MALE,JD,craft-repair,not-in-family,87,2007,Single Vehicle Collision,Front Collision,Minor Damage,Police,WV,Northbend,16,1,,2,3,YES,36800,0,66660,12120,6060,48480,61.80,Honda,Civic,2006,9,2015,1,1,0
197,41,OH,500/1000,1000,1324.78,0,FEMALE,PhD,prof-specialty,not-in-family,223,1996,Single Vehicle Collision,Front Collision,Major Damage,Police,NC,Northbrook,6,1,NO,2,2,YES,0,-64500,76400,15280,7640,53480,57.67,Volkswagen,Jetta,1997,18,2015,1,3,1
166,37,IN,250/500,500,1518.54,0,FEMALE,MD,craft-repair,not-in-family,241,1994,Single Vehicle Collision,Rear Collision,Total Loss,Ambulance,PA,Riverwood,10,1,YES,1,1,NO,0,0,58300,10600,10600,37100,38.39,Ford,F150,2001,14,2015,1,4,0
293,49,IL,100/300,2000,1239.06,0,FEMALE,JD,transport-moving,husband,229,1995,Single Vehicle Collision,Front Collision,Total Loss,Police,SC,Riverwood,19,1,,1,1,,34900,0,57310,5210,10420,41680,46.25,Volkswagen,Passat,2002,13,2015,1,4,0
179,32,OH,500/1000,2000,1246.68,0,FEMALE,PhD,priv-house-serv,own-child,217,1996,Single Vehicle Collision,Front Collision,Minor Damage,Fire,NY,Arlington,10,1,,0,1,,0,0,53100,5900,5900,41300,42.59,Suburu,Impreza,2006,9,2015,1,1,0
76,24,OH,250/500,1000,1622.67,0,FEMALE,MD,priv-house-serv,husband,44,2011,Multi-vehicle Collision,Side Collision,Total Loss,Ambulance,WV,Riverwood,6,3,NO,1,1,,0,0,74700,14940,7470,52290,46.04,Suburu,Forrestor,1997,18,2015,2,4,0
105,28,OH,250/500,500,1082.36,0,FEMALE,Associate,prof-specialty,own-child,229,1995,Multi-vehicle Collision,Rear Collision,Major Damage,Fire,SC,Riverwood,12,3,NO,2,2,NO,0,0,60500,12100,6050,42350,55.90,Audi,A5,1995,20,2015,1,3,0
97,26,OH,250/500,1000,1270.55,0,MALE,Masters,protective-serv,unmarried,207,1997,Multi-vehicle Collision,Side Collision,Total Loss,Other,NC,Riverwood,10,3,YES,2,3,NO,0,-72100,84920,7720,15440,61760,66.84,Jeep,Wrangler,2006,9,2015,1,4,1
148,36,IL,500/1000,1000,1236.32,5000000,FEMALE,MD,adm-clerical,own-child,228,1996,Single Vehicle Collision,Side Collision,Total Loss,Police,PA,Northbrook,0,1,NO,2,0,NO,55100,0,61050,5550,11100,44400,49.38,Dodge,Neon,2009,6,2015,1,4,0
77,26,IL,250/500,2000,785.82,0,MALE,JD,exec-managerial,other-relative,80,2008,Multi-vehicle Collision,Rear Collision,Major Damage,Police,NY,Hillsdale,12,3,YES,2,0,,49700,0,69080,12560,6280,50240,87.91,Audi,A5,2009,6,2015,1,3,1
295,46,IN,250/500,500,1265.84,0,FEMALE,JD,prof-specialty,own-child,61,2009,Vehicle Theft,,Minor Damage,None,VA,Arlington,10,1,YES,1,3,YES,52200,-44500,4560,760,380,3420,3.60,Nissan,Pathfinder,2007,8,2015,1,1,0
126,28,IN,250/500,500,1508.90,0,FEMALE,JD,machine-op-inspct,other-relative,276,1992,Multi-vehicle Collision,Rear Collision,Total Loss,Police,WV,Northbend,3,4,NO,0,1,,0,0,67800,11300,11300,45200,44.93,Ford,F150,2011,4,2015,1,4,0
132,32,OH,250/500,2000,1106.84,0,MALE,PhD,other-service,wife,206,1997,Vehicle Theft,,Minor Damage,Police,SC,Riverwood,21,1,YES,1,1,YES,43100,-31900,5600,1120,560,3920,5.06,Suburu,Legacy,2005,10,2015,1,1,0
370,55,IN,500/1000,2000,1389.13,7000000,MALE,JD,other-service,wife,26,2012,Vehicle Theft,,Minor Damage,None,NC,Northbrook,6,1,,0,2,,0,-53200,9000,900,1800,6300,6.48,Mercedes,ML350,2015,0,2015,2,1,0
257,43,IN,100/300,1000,974.84,0,FEMALE,JD,transport-moving,other-relative,273,1992,Single Vehicle Collision,Rear Collision,Total Loss,Police,VA,Northbend,0,1,NO,0,1,YES,52100,0,85320,21330,7110,56880,87.52,Nissan,Pathfinder,2006,9,2015,2,4,0
9,24,IL,100/300,2000,1304.46,0,FEMALE,PhD,machine-op-inspct,other-relative,152,2002,Vehicle Theft,,Trivial Damage,None,NC,Arlington,6,1,NO,0,3,YES,51700,-33300,5940,540,1080,4320,4.55,Audi,A5,2001,14,2015,1,2,1
185,34,OH,250/500,500,1257.36,0,FEMALE,PhD,armed-forces,husband,58,2010,Multi-vehicle Collision,Side Collision,Major Damage,Fire,SC,Arlington,20,3,YES,1,1,,0,0,51370,9340,4670,37360,40.86,BMW,M5,2000,15,2015,2,3,1
234,43,OH,250/500,500,1257.04,0,MALE,Associate,protective-serv,own-child,300,1990,Single Vehicle Collision,Rear Collision,Major Damage,Police,SC,Northbrook,4,1,NO,2,2,YES,0,-48800,51600,10320,5160,36120,41.05,Dodge,Neon,2011,4,2015,3,3,0
253,44,OH,100/300,2000,719.52,0,FEMALE,High School,farming-fishing,own-child,93,2007,Parked Car,,Trivial Damage,None,SC,Arlington,9,1,NO,0,3,,45800,0,5400,600,600,4200,7.51,Chevrolet,Malibu,1998,17,2015,2,2,0
233,39,OH,500/1000,2000,1524.18,0,MALE,JD,craft-repair,unmarried,168,2001,Multi-vehicle Collision,Rear Collision,Minor Damage,Fire,SC,Northbrook,20,3,,1,0,YES,0,0,48870,5430,5430,38010,32.06,Saab,95,1999,16,2015,1,1,0
274,44,IN,500/1000,500,1395.58,0,FEMALE,JD,tech-support,husband,102,2006,Vehicle Theft,,Minor Damage,Police,WV,Springfield,7,1,NO,2,1,,0,0,5590,860,860,3870,4.01,BMW,X5,2000,15,2015,2,1,0
297,48,IL,500/1000,1000,1243.68,0,MALE,Masters,protective-serv,wife,7,2014,Multi-vehicle Collision,Front Collision,Major Damage,Other,NY,Springfield,18,3,,0,2,,0,-71400,54960,6870,0,48090,44.19,Toyota,Corolla,2002,13,2015,2,3,1
273,47,OH,500/1000,1000,1189.04,0,FEMALE,Associate,prof-specialty,own-child,40,2011,Multi-vehicle Collision,Side Collision,Minor Damage,Police,VA,Northbrook,0,3,NO,1,3,,59600,0,39800,7960,3980,27860,33.47,Jeep,Wrangler,2014,1,2015,1,1,0
147,37,IN,500/1000,2000,1375.29,0,FEMALE,Masters,armed-forces,own-child,21,2013,Multi-vehicle Collision,Side Collision,Major Damage,Ambulance,SC,Columbus,11,3,,0,1,,0,0,56160,6240,6240,43680,40.84,Ford,Fusion,2015,0,2015,1,3,1
285,42,IN,100/300,500,1389.13,0,MALE,Associate,priv-house-serv,not-in-family,286,1991,Single Vehicle Collision,Side Collision,Total Loss,Fire,VA,Hillsdale,13,1,NO,0,3,,63100,-79400,52700,5270,10540,36890,37.94,Toyota,Corolla,2005,10,2015,1,4,0
289,43,OH,500/1000,1000,1387.51,0,FEMALE,Associate,sales,not-in-family,145,2002,Multi-vehicle Collision,Side Collision,Minor Damage,Fire,NY,Riverwood,19,3,YES,1,3,,0,0,68580,7620,7620,53340,49.43,Jeep,Wrangler,2010,5,2015,1,1,0
427,60,IN,100/300,1000,1178.61,7000000,MALE,MD,craft-repair,own-child,110,2005,Single Vehicle Collision,Side Collision,Major Damage,Ambulance,NY,Springfield,23,1,YES,1,2,YES,0,-54400,90860,12980,19470,58410,77.09,Volkswagen,Jetta,2004,11,2015,2,3,1
380,53,IL,250/500,2000,1166.62,6000000,MALE,Associate,priv-house-serv,wife,45,2011,Parked Car,,Trivial Damage,Police,NC,Northbend,23,1,NO,0,3,NO,0,0,5700,570,570,4560,4.89,Saab,93,2001,14,2015,2,2,0
13,21,IN,100/300,1000,1556.31,0,MALE,Associate,prof-specialty,not-in-family,99,2006,Multi-vehicle Collision,Side Collision,Total Loss,Police,NY,Hillsdale,19,3,YES,2,0,YES,0,-75000,94930,8630,8630,77670,61.00,Accura,RSX,2014,1,2015,1,4,0
282,43,OH,250/500,500,1452.27,0,MALE,MD,farming-fishing,not-in-family,102,2006,Single Vehicle Collision,Side Collision,Major Damage,Ambulance,SC,Northbend,19,1,NO,1,2,NO,75800,0,46800,4680,9360,32760,32.23,Audi,A5,2007,8,2015,1,3,1
312,47,OH,500/1000,1000,1212.07,0,FEMALE,MD,exec-managerial,wife,153,2002,Multi-vehicle Collision,Side Collision,Total Loss,Fire,NY,Northbend,17,3,NO,2,3,NO,66900,-51800,56320,7040,7040,42240,46.47,Mercedes,ML350,2000,15,2015,3,4,0
266,46,OH,100/300,2000,1578.54,0,MALE,Associate,handlers-cleaners,husband,71,2009,Single Vehicle Collision,Front Collision,Minor Damage,Fire,WV,Hillsdale,18,1,NO,1,3,YES,0,-41400,83490,7590,15180,60720,52.89,Nissan,Pathfinder,1996,19,2015,1,1,0
30,36,IN,500/1000,500,1488.26,0,FEMALE,College,machine-op-inspct,wife,165,2001,Multi-vehicle Collision,Side Collision,Total Loss,Police,WV,Northbrook,17,3,NO,2,2,,0,-63500,57900,5790,5790,46320,38.90,Saab,95,2008,7,2015,2,4,0
198,36,IN,250/500,1000,1096.39,0,MALE,High School,armed-forces,own-child,167,2001,Multi-vehicle Collision,Rear Collision,Total Loss,Fire,SC,Springfield,11,3,,1,3,YES,0,0,49410,5490,5490,38430,45.07,Audi,A3,2015,0,2015,1,4,0
290,45,OH,500/1000,2000,1215.36,0,MALE,Associate,tech-support,own-child,254,1993,Multi-vehicle Collision,Side Collision,Minor Damage,Fire,WV,Northbend,22,3,,0,1,NO,54400,0,66200,6620,6620,52960,54.47,Suburu,Impreza,2012,3,2015,1,1,0
260,46,OH,100/300,2000,1482.57,0,MALE,MD,priv-house-serv,husband,300,1990,Single Vehicle Collision,Front Collision,Minor Damage,Fire,NY,Columbus,7,1,NO,0,1,NO,35000,0,64080,10680,10680,42720,43.22,Toyota,Camry,2005,10,2015,2,1,0
233,43,OH,250/500,1000,954.18,0,FEMALE,College,tech-support,other-relative,177,2000,Multi-vehicle Collision,Side Collision,Minor Damage,Other,SC,Northbrook,17,3,,2,3,YES,0,0,42500,8500,4250,29750,44.54,Nissan,Pathfinder,2000,15,2015,2,1,0
130,30,IL,500/1000,2000,1193.40,0,MALE,PhD,exec-managerial,own-child,30,2012,Multi-vehicle Collision,Side Collision,Total Loss,Other,SC,Columbus,16,3,NO,2,3,,0,-40800,48950,8900,4450,35600,41.02,Suburu,Legacy,2005,10,2015,2,4,0
230,42,IN,100/300,1000,1023.11,0,FEMALE,MD,adm-clerical,own-child,123,2004,Multi-vehicle Collision,Rear Collision,Minor Damage,Other,NY,Northbend,13,3,NO,1,2,YES,0,-45300,58850,10700,10700,37450,57.52,Accura,MDX,1999,16,2015,2,1,0
212,40,IL,500/1000,1000,1524.45,0,FEMALE,Masters,other-service,husband,145,2003,Multi-vehicle Collision,Side Collision,Minor Damage,Other,NY,Northbrook,17,3,YES,0,2,YES,73200,0,82400,8240,8240,65920,54.05,Nissan,Pathfinder,2006,9,2015,2,1,0
299,44,OH,500/1000,1000,1653.32,0,FEMALE,College,other-service,other-relative,74,2008,Single Vehicle Collision,Rear Collision,Minor Damage,Ambulance,WV,Springfield,3,1,YES,2,0,,0,-48800,54240,6780,6780,40680,32.81,Suburu,Impreza,2009,6,2015,1,1,0
91,26,IL,250/500,1000,1022.46,0,FEMALE,Associate,armed-forces,other-relative,184,1999,Multi-vehicle Collision,Front Collision,Minor Damage,Other,SC,Arlington,15,3,,0,2,,52700,0,74200,7420,7420,59360,72.57,Jeep,Wrangler,1996,19,2015,2,1,0
398,53,IL,100/300,2000,1396.43,0,FEMALE,Associate,priv-house-serv,unmarried,289,1990,Single Vehicle Collision,Front Collision,Total Loss,Fire,WV,Hillsdale,16,1,YES,2,1,,21500,0,47430,5270,5270,36890,33.97,Toyota,Camry,2000,15,2015,1,4,0
218,43,IL,250/500,500,1521.55,0,FEMALE,Associate,priv-house-serv,other-relative,227,1996,Single Vehicle Collision,Rear Collision,Major Damage,Fire,SC,Hillsdale,18,1,,1,3,YES,61100,-64500,68200,13640,6820,47740,44.82,Dodge,RAM,2003,12,2015,1,3,1
152,33,IN,100/300,1000,1034.27,0,FEMALE,JD,armed-forces,husband,164,2001,Single Vehicle Collision,Front Collision,Minor Damage,Fire,NY,Hillsdale,18,1,NO,1,0,NO,0,0,63900,7100,7100,49700,61.78,Accura,TL,2014,1,2015,2,1,0
212,39,OH,100/300,1000,1255.35,0,FEMALE,JD,protective-serv,not-in-family,59,2010,Multi-vehicle Collision,Rear Collision,Total Loss,Ambulance,NY,Riverwood,22,2,NO,0,3,YES,60300,-58900,59300,11860,5930,41510,47.24,Dodge,RAM,2008,7,2015,2,4,0
242,44,IL,500/1000,2000,1396.89,6000000,FEMALE,College,priv-house-serv,other-relative,139,2003,Multi-vehicle Collision,Front Collision,Minor Damage,Other,SC,Springfield,15,3,NO,1,2,YES,0,-61600,66900,6690,13380,46830,47.89,Suburu,Forrestor,1999,16,2015,2,1,1
80,27,OH,500/1000,500,795.31,0,MALE,JD,farming-fishing,husband,5,2014,Multi-vehicle Collision,Rear Collision,Major Damage,Police,OH,Arlington,16,3,YES,1,3,,0,-51000,40810,3710,7420,29680,51.31,Ford,F150,2000,15,2015,2,3,1
260,43,IN,100/300,500,982.22,0,FEMALE,JD,exec-managerial,not-in-family,68,2009,Single Vehicle Collision,Front Collision,Total Loss,Fire,NY,Riverwood,18,1,,1,0,,54500,-72100,75400,15080,7540,52780,76.76,Honda,CRV,2011,4,2015,2,4,0
133,34,IN,500/1000,500,1074.07,0,FEMALE,JD,prof-specialty,husband,243,1994,Parked Car,,Minor Damage,None,WV,Northbend,8,1,NO,2,0,YES,70900,-61100,4200,420,840,2940,3.91,Jeep,Wrangler,2013,2,2015,1,1,0
290,45,OH,100/300,1000,1311.30,0,FEMALE,Associate,machine-op-inspct,wife,282,1991,Multi-vehicle Collision,Side Collision,Major Damage,Ambulance,NY,Hillsdale,23,3,YES,0,0,YES,38500,0,52650,5850,5850,40950,40.15,Ford,F150,2001,14,2015,1,3,1
322,49,IL,250/500,2000,1277.12,0,FEMALE,PhD,armed-forces,own-child,160,2001,Single Vehicle Collision,Rear Collision,Major Damage,Ambulance,WV,Hillsdale,18,1,,0,2,YES,0,-46000,42240,7680,7680,26880,33.07,Chevrolet,Malibu,2007,8,2015,1,3,0
228,39,IN,500/1000,500,1388.62,0,FEMALE,JD,sales,husband,28,2012,Single Vehicle Collision,Side Collision,Minor Damage,Other,NC,Riverwood,10,1,YES,1,0,YES,35200,0,59490,6610,6610,46270,42.84,Mercedes,ML350,1995,20,2015,1,1,0
195,37,IL,100/300,1000,1406.52,8000000,MALE,MD,tech-support,unmarried,282,1991,Single Vehicle Collision,Side Collision,Major Damage,Ambulance,SC,Arlington,12,1,NO,0,2,NO,0,0,44200,4420,4420,35360,31.43,Jeep,Wrangler,2002,13,2015,1,3,1
247,39,IN,100/300,500,1558.29,0,FEMALE,Masters,protective-serv,unmarried,280,1991,Vehicle Theft,,Trivial Damage,Police,WV,Springfield,5,1,YES,1,2,,0,-49300,7700,770,1540,5390,4.94,Saab,93,2000,15,2015,2,2,0
405,57,IN,500/1000,1000,1132.47,4000000,MALE,MD,priv-house-serv,other-relative,181,1999,Multi-vehicle Collision,Front Collision,Total Loss,Other,NY,Northbend,21,3,,2,3,,46300,0,61440,10240,10240,40960,54.25,Saab,93,2008,7,2015,1,4,0
144,37,OH,250/500,2000,1896.91,0,FEMALE,PhD,handlers-cleaners,not-in-family,27,2012,Multi-vehicle Collision,Rear Collision,Major Damage,Fire,SC,Columbus,17,3,YES,1,3,NO,73700,0,54400,5440,10880,38080,28.68,Chevrolet,Silverado,2015,0,2015,1,3,1
338,47,IL,500/1000,500,1143.46,4000000,MALE,MD,priv-house-serv,other-relative,234,1995,Single Vehicle Collision,Front Collision,Total Loss,Other,NC,Arlington,4,1,YES,2,1,,0,0,58560,9760,9760,39040,51.21,Mercedes,E400,2002,13,2015,2,4,0
121,34,IN,500/1000,500,1285.42,0,MALE,MD,priv-house-serv,wife,287,1991,Single Vehicle Collision,Front Collision,Major Damage,Fire,VA,Northbrook,11,1,NO,1,1,NO,0,0,67300,6730,6730,53840,52.36,Dodge,RAM,2000,15,2015,1,3,1
398,55,OH,250/500,2000,1305.26,0,MALE,MD,farming-fishing,wife,282,1991,Single Vehicle Collision,Rear Collision,Major Damage,Fire,VA,Hillsdale,18,1,,1,3,YES,66200,-49700,36740,3340,6680,26720,28.15,BMW,X5,1998,17,2015,1,3,1
9,30,IL,100/300,1000,1073.83,0,FEMALE,High School,machine-op-inspct,not-in-family,250,1994,Single Vehicle Collision,Rear Collision,Total Loss,Police,NY,Northbrook,12,1,,0,0,NO,0,0,85690,15580,15580,54530,79.80,BMW,3 Series,2011,4,2015,2,4,0
115,31,OH,500/1000,1000,1051.67,0,FEMALE,Associate,exec-managerial,not-in-family,111,2005,Multi-vehicle Collision,Side Collision,Major Damage,Ambulance,WV,Riverwood,18,3,YES,0,3,NO,0,0,34160,0,4270,29890,32.48,Audi,A5,2005,10,2015,3,3,1
280,48,IL,250/500,1000,1387.35,0,MALE,JD,transport-moving,not-in-family,7,2014,Single Vehicle Collision,Front Collision,Minor Damage,Fire,WV,Hillsdale,16,1,NO,2,2,,0,-72000,61320,10220,10220,40880,44.20,BMW,M5,1998,17,2015,2,1,0
254,45,IL,250/500,500,1083.64,0,MALE,JD,other-service,husband,137,2003,Multi-vehicle Collision,Rear Collision,Total Loss,Police,NC,Columbus,19,3,YES,0,0,,59800,0,79680,13280,13280,53120,73.53,BMW,3 Series,2004,11,2015,2,4,0
141,30,IL,250/500,1000,1851.78,0,FEMALE,High School,craft-repair,other-relative,175,2000,Single Vehicle Collision,Front Collision,Total Loss,Fire,SC,Riverwood,13,1,NO,1,0,YES,78800,0,61740,6860,6860,48020,33.34,Audi,A3,2002,13,2015,2,4,0
441,55,IN,250/500,500,1270.29,4000000,MALE,College,armed-forces,husband,67,2009,Parked Car,,Minor Damage,None,VA,Arlington,4,1,NO,0,0,NO,24000,-50500,6400,640,640,5120,5.04,Honda,Civic,2002,13,2015,2,1,0
381,55,OH,500/1000,500,1459.99,0,FEMALE,MD,other-service,wife,285,1991,Single Vehicle Collision,Rear Collision,Major Damage,Fire,SC,Northbrook,8,1,YES,1,2,YES,35900,0,60600,12120,6060,42420,41.51,Accura,TL,2011,4,2015,1,3,0
191,38,IL,100/300,2000,1253.44,0,FEMALE,Masters,craft-repair,not-in-family,111,2005,Multi-vehicle Collision,Side Collision,Major Damage,Ambulance,VA,Hillsdale,19,3,NO,2,0,NO,0,0,56320,10240,5120,40960,44.93,Volkswagen,Jetta,2007,8,2015,2,3,0
145,34,IN,100/300,1000,1142.48,0,FEMALE,JD,priv-house-serv,other-relative,296,1990,Single Vehicle Collision,Side Collision,Total Loss,Ambulance,NC,Northbend,18,1,YES,2,0,NO,0,0,52250,9500,4750,38000,45.73,Suburu,Legacy,2012,3,2015,1,4,0
479,60,IL,500/1000,1000,1188.45,0,FEMALE,MD,exec-managerial,other-relative,146,2002,Multi-vehicle Collision,Rear Collision,Total Loss,Other,SC,Arlington,9,2,,0,3,,0,-44800,53900,5390,10780,37730,45.35,Saab,95,2006,9,2015,1,4,0
215,35,IL,500/1000,1000,1125.40,0,MALE,Masters,adm-clerical,husband,127,2004,Vehicle Theft,,Trivial Damage,None,WV,Columbus,6,1,,2,1,NO,40000,-43400,2640,220,440,1980,2.35,Jeep,Wrangler,2001,14,2015,1,2,0
41,33,OH,250/500,500,1294.41,0,MALE,High School,transport-moving,husband,53,2010,Vehicle Theft,,Minor Damage,None,NC,Arlington,8,1,YES,0,0,,0,0,8970,1380,1380,6210,6.93,Dodge,Neon,2011,4,2015,2,1,0
45,31,IN,100/300,500,1459.50,0,MALE,MD,priv-house-serv,not-in-family,293,1990,Parked Car,,Minor Damage,None,NY,Springfield,6,1,,1,3,,0,0,6000,1000,1000,4000,4.11,Suburu,Impreza,2000,15,2015,2,1,0
156,38,IL,100/300,500,1367.99,0,MALE,High School,armed-forces,own-child,65,2009,Multi-vehicle Collision,Front Collision,Major Damage,Fire,WV,Northbend,23,3,,0,3,,26500,0,55200,11040,5520,38640,40.35,Saab,92x,1998,17,2015,2,3,1
246,45,IN,250/500,500,1594.37,0,MALE,Associate,exec-managerial,own-child,185,1999,Parked Car,,Trivial Damage,None,SC,Riverwood,13,1,NO,0,3,YES,0,0,7260,660,1320,5280,4.55,Saab,92x,2008,7,2015,1,2,0
178,39,IL,100/300,500,1035.99,0,FEMALE,JD,exec-managerial,own-child,70,2009,Multi-vehicle Collision,Front Collision,Minor Damage,Police,NY,Springfield,3,3,NO,2,0,,0,0,64680,11760,11760,41160,62.43,Jeep,Wrangler,2010,5,2015,1,1,0
237,43,OH,250/500,500,911.53,0,FEMALE,PhD,sales,husband,70,2009,Single Vehicle Collision,Rear Collision,Major Damage,Police,WV,Northbrook,23,1,NO,0,1,NO,53200,0,59200,0,11840,47360,64.95,Chevrolet,Malibu,1998,17,2015,2,3,0
127,34,OH,500/1000,500,1319.97,0,FEMALE,Associate,craft-repair,own-child,101,2006,Vehicle Theft,,Minor Damage,None,NC,Arlington,8,1,YES,1,3,,73700,0,4700,470,940,3290,3.56,Saab,92x,1998,17,2015,1,1,0
1,33,OH,250/500,2000,1391.63,0,MALE,Associate,sales,husband,230,1995,Single Vehicle Collision,Side Collision,Total Loss,Other,NY,Columbus,23,1,YES,0,3,NO,61200,0,69400,6940,6940,55520,49.87,Mercedes,C300,2000,15,2015,2,4,0
5,21,IN,250/500,500,915.41,5000000,FEMALE,High School,exec-managerial,own-child,147,2002,Single Vehicle Collision,Side Collision,Total Loss,Police,NY,Northbrook,23,1,YES,0,0,NO,0,0,40500,4050,4050,32400,44.24,Nissan,Pathfinder,1998,17,2015,2,4,0
64,28,IL,500/1000,1000,1468.82,0,MALE,JD,handlers-cleaners,other-relative,279,1991,Multi-vehicle Collision,Side Collision,Minor Damage,Fire,SC,Riverwood,9,3,NO,2,1,NO,56800,-51800,60000,5000,10000,45000,40.85,Honda,Accord,1997,18,2015,2,1,0
142,30,IN,500/1000,500,1412.76,0,MALE,PhD,armed-forces,wife,204,1998,Single Vehicle Collision,Side Collision,Minor Damage,Other,WV,Riverwood,22,1,YES,2,3,NO,66400,-63700,67320,11220,11220,44880,47.65,Volkswagen,Jetta,1996,19,2015,1,1,0
97,27,OH,500/1000,500,1588.26,0,FEMALE,High School,tech-support,husband,153,2002,Multi-vehicle Collision,Side Collision,Total Loss,Other,VA,Riverwood,22,3,YES,2,1,YES,56700,-49300,75690,8410,8410,58870,47.66,Saab,95,2014,1,2015,1,4,0
121,31,IN,100/300,1000,1140.91,0,MALE,Associate,adm-clerical,other-relative,283,1991,Multi-vehicle Collision,Side Collision,Major Damage,Fire,VA,Northbend,15,3,NO,1,2,,51300,0,64300,6430,6430,51440,56.36,Chevrolet,Silverado,2002,13,2015,2,3,1
225,43,OH,100/300,1000,1517.54,0,MALE,JD,priv-house-serv,own-child,125,2004,Multi-vehicle Collision,Rear Collision,Major Damage,Police,SC,Columbus,16,3,NO,2,0,YES,0,-20900,64400,6440,6440,51520,42.44,BMW,X5,2011,4,2015,1,3,0
425,53,OH,250/500,2000,912.29,0,FEMALE,High School,priv-house-serv,husband,295,1990,Multi-vehicle Collision,Front Collision,Minor Damage,Fire,WV,Northbend,17,3,,1,2,,42900,-39100,97080,16180,16180,64720,106.41,Saab,92x,2005,10,2015,1,1,0
285,44,OH,250/500,2000,1144.30,0,MALE,MD,priv-house-serv,not-in-family,282,1991,Vehicle Theft,,Minor Damage,Police,WV,Northbrook,3,1,YES,1,0,,52600,0,5500,500,500,4500,4.81,Honda,Civic,2010,5,2015,2,1,0
192,38,IN,500/1000,1000,1281.43,0,FEMALE,Masters,transport-moving,not-in-family,47,2011,Multi-vehicle Collision,Rear Collision,Total Loss,Other,SC,Northbend,10,3,,0,2,NO,65100,-50300,30700,3070,6140,21490,23.96,Jeep,Wrangler,2010,5,2015,1,4,0
285,48,IL,100/300,2000,1101.85,0,FEMALE,College,sales,wife,24,2013,Single Vehicle Collision,Side Collision,Minor Damage,Police,PA,Springfield,9,1,NO,1,2,YES,46100,0,33480,3720,3720,26040,30.39,Nissan,Pathfinder,2012,3,2015,2,1,0
98,26,IN,500/1000,2000,1082.10,0,MALE,JD,exec-managerial,other-relative,168,2001,Multi-vehicle Collision,Front Collision,Total Loss,Police,WV,Northbend,13,2,,0,1,YES,0,-30900,65430,14540,7270,43620,60.47,Jeep,Wrangler,2001,14,2015,2,4,0
175,36,OH,500/1000,500,1185.44,0,MALE,Masters,exec-managerial,not-in-family,274,1992,Multi-vehicle Collision,Rear Collision,Major Damage,Police,NC,Northbend,15,3,YES,2,1,YES,44900,-52500,42680,3880,7760,31040,36.00,Accura,RSX,2006,9,2015,1,3,1
259,45,IL,500/1000,2000,1175.07,0,MALE,MD,craft-repair,not-in-family,97,2006,Single Vehicle Collision,Side Collision,Minor Damage,Fire,WV,Springfield,23,1,,1,1,NO,30100,0,87780,7980,7980,71820,74.70,Honda,CRV,2011,4,2015,1,1,0
140,36,OH,500/1000,2000,979.26,0,FEMALE,JD,transport-moving,own-child,176,2000,Multi-vehicle Collision,Front Collision,Major Damage,Fire,NY,Riverwood,2,4,YES,0,2,YES,0,-67000,72800,14560,14560,43680,74.34,Honda,Accord,1998,17,2015,3,3,0
231,37,OH,250/500,500,920.81,0,FEMALE,High School,sales,wife,278,1991,Single Vehicle Collision,Rear Collision,Major Damage,Fire,SC,Hillsdale,14,1,YES,2,0,,0,0,71190,0,7910,63280,77.31,Mercedes,C300,1997,18,2015,2,3,1
186,38,OH,100/300,500,922.85,0,MALE,High School,adm-clerical,husband,19,2013,Vehicle Theft,,Trivial Damage,None,NY,Hillsdale,7,1,,1,1,YES,70300,-70900,3600,400,400,2800,3.90,Honda,Civic,1999,16,2015,2,2,0
229,41,OH,250/500,2000,1107.59,3000000,MALE,PhD,tech-support,not-in-family,193,1998,Single Vehicle Collision,Side Collision,Major Damage,Other,NY,Columbus,23,1,NO,1,3,NO,65400,0,62640,10440,10440,41760,56.56,Mercedes,C300,2009,6,2015,1,3,0
180,36,IL,100/300,500,1272.46,0,MALE,College,prof-specialty,wife,1,2015,Multi-vehicle Collision,Front Collision,Minor Damage,Ambulance,NY,Northbrook,7,3,YES,2,1,,0,0,69630,12660,6330,50640,54.72,Toyota,Corolla,1998,17,2015,2,1,0
188,33,IL,250/500,1000,1340.24,0,MALE,High School,protective-serv,own-child,250,1994,Multi-vehicle Collision,Rear Collision,Minor Damage,Police,NY,Hillsdale,8,3,YES,1,0,,0,-68800,76010,13820,6910,55280,56.71,Dodge,RAM,1995,20,2015,2,1,1
214,40,OH,100/300,1000,1648.00,0,MALE,JD,transport-moving,not-in-family,174,2000,Single Vehicle Collision,Rear Collision,Total Loss,Other,WV,Northbrook,17,1,NO,1,0,YES,57700,-43500,44220,8040,4020,32160,26.83,Accura,MDX,2000,15,2015,2,4,0
178,38,IL,250/500,500,1381.14,0,FEMALE,College,other-service,wife,3,2014,Multi-vehicle Collision,Rear Collision,Minor Damage,Other,NY,Northbrook,10,3,NO,0,3,NO,0,0,57200,5200,10400,41600,41.42,BMW,M5,2011,4,2015,2,1,0
55,35,IL,500/1000,500,1198.44,8000000,MALE,MD,priv-house-serv,wife,47,2011,Vehicle Theft,,Minor Damage,Police,WV,Columbus,9,1,NO,0,3,NO,0,0,3080,560,560,1960,2.57,Nissan,Ultima,1998,17,2015,1,1,0
90,31,OH,250/500,2000,951.27,0,FEMALE,PhD,other-service,not-in-family,295,1990,Single Vehicle Collision,Rear Collision,Total Loss,Other,SC,Hillsdale,2,1,YES,1,0,YES,42100,0,75790,13780,6890,55120,79.67,Accura,RSX,2007,8,2015,1,4,0
135,30,IN,500/1000,2000,1341.24,0,FEMALE,MD,farming-fishing,wife,72,2009,Multi-vehicle Collision,Rear Collision,Minor Damage,Ambulance,WV,Riverwood,18,3,NO,0,1,NO,37100,-46500,32670,5940,2970,23760,24.36,Honda,Accord,2003,12,2015,1,1,0
277,46,IL,250/500,2000,1177.57,0,FEMALE,Associate,adm-clerical,husband,266,1992,Vehicle Theft,,Minor Damage,Police,VA,Arlington,4,1,,2,3,NO,0,-65500,3870,430,860,2580,3.29,Jeep,Wrangler,2010,5,2015,1,1,0
211,38,IN,250/500,1000,1055.09,0,FEMALE,Masters,transport-moving,own-child,212,1997,Single Vehicle Collision,Front Collision,Total Loss,Fire,NY,Columbus,12,1,,0,3,YES,0,0,91520,8320,16640,66560,86.74,BMW,X6,2005,10,2015,1,4,1
156,32,IL,250/500,500,1479.48,0,MALE,Masters,prof-specialty,unmarried,274,1992,Single Vehicle Collision,Front Collision,Major Damage,Other,NY,Northbrook,15,1,YES,1,3,YES,0,0,74690,6790,13580,54320,50.48,Dodge,RAM,2008,7,2015,1,3,1
84,30,IN,500/1000,2000,1827.38,0,MALE,Associate,priv-house-serv,other-relative,234,1995,Vehicle Theft,,Trivial Damage,Police,VA,Springfield,9,1,YES,1,3,,0,-15900,4620,420,840,3360,2.53,Audi,A5,1998,17,2015,1,2,0
136,32,IN,100/300,500,1169.62,0,FEMALE,JD,sales,not-in-family,170,2000,Single Vehicle Collision,Side Collision,Major Damage,Police,SC,Arlington,6,1,YES,0,0,NO,0,0,55000,10000,10000,35000,47.02,Toyota,Camry,2008,7,2015,2,3,1
310,48,IN,100/300,500,1516.34,0,FEMALE,JD,adm-clerical,unmarried,185,1999,Multi-vehicle Collision,Rear Collision,Major Damage,Police,SC,Springfield,11,4,YES,0,2,NO,11000,0,59400,13200,6600,39600,39.17,Saab,93,1996,19,2015,1,3,1
123,34,OH,500/1000,2000,1270.21,0,FEMALE,College,sales,husband,94,2007,Multi-vehicle Collision,Side Collision,Total Loss,Fire,PA,Columbus,13,3,NO,1,1,,16100,-61200,55260,6140,0,49120,43.50,Nissan,Ultima,2000,15,2015,1,4,0
243,44,IL,250/500,500,809.11,0,MALE,JD,craft-repair,other-relative,205,1997,Multi-vehicle Collision,Side Collision,Minor Damage,Other,NC,Springfield,4,3,,2,1,YES,33200,0,51400,5140,10280,35980,63.53,Honda,Civic,1996,19,2015,1,1,0
36,37,IL,500/1000,1000,1115.81,0,FEMALE,Masters,machine-op-inspct,husband,15,2013,Multi-vehicle Collision,Side Collision,Minor Damage,Ambulance,NY,Columbus,20,3,YES,1,3,,0,-59800,48780,5420,10840,32520,43.72,Dodge,Neon,2008,7,2015,2,1,0
146,31,OH,100/300,1000,1457.65,5000000,FEMALE,College,armed-forces,own-child,293,1990,Multi-vehicle Collision,Rear Collision,Major Damage,Ambulance,VA,Riverwood,0,3,NO,1,3,,0,0,52380,5820,5820,40740,35.93,Toyota,Highlander,2010,5,2015,2,3,0
154,34,OH,100/300,1000,1041.36,0,FEMALE,JD,priv-house-serv,husband,183,1999,Multi-vehicle Collision,Side Collision,Total Loss,Other,WV,Hillsdale,18,4,,2,3,YES,53100,-43900,74360,13520,13520,47320,71.41,Toyota,Highlander,2005,10,2015,1,4,1
204,40,OH,250/500,1000,1693.83,7000000,MALE,High School,protective-serv,other-relative,273,1992,Single Vehicle Collision,Front Collision,Minor Damage,Police,NY,Northbrook,6,1,,1,0,,44000,-20800,53400,5340,5340,42720,31.53,Honda,CRV,2003,12,2015,1,1,0
458,59,IN,100/300,1000,1685.69,0,FEMALE,High School,protective-serv,wife,71,2009,Single Vehicle Collision,Front Collision,Total Loss,Police,VA,Hillsdale,23,1,,2,2,YES,31400,0,71800,14360,14360,43080,42.59,Jeep,Grand Cherokee,1995,20,2015,2,4,0
147,31,IN,250/500,500,1054.92,6000000,FEMALE,PhD,prof-specialty,own-child,215,1997,Single Vehicle Collision,Front Collision,Major Damage,Other,NY,Northbrook,4,1,,0,0,,51900,0,68240,8530,0,59710,64.69,Toyota,Corolla,2013,2,2015,1,3,1
279,45,IN,250/500,2000,1333.97,6000000,FEMALE,MD,other-service,unmarried,276,1992,Multi-vehicle Collision,Rear Collision,Major Damage,Other,SC,Arlington,21,3,,1,0,,61100,-30700,61050,11100,11100,38850,45.77,Dodge,RAM,2011,4,2015,1,3,1
308,47,OH,100/300,1000,1013.61,6000000,FEMALE,Associate,craft-repair,own-child,16,2013,Parked Car,,Minor Damage,None,NY,Springfield,7,1,,1,1,YES,45700,-41400,5590,860,860,3870,5.51,Suburu,Impreza,2002,13,2015,1,1,0
284,48,IL,500/1000,500,958.30,0,FEMALE,PhD,machine-op-inspct,husband,80,2008,Multi-vehicle Collision,Side Collision,Major Damage,Fire,NY,Columbus,19,3,,0,0,,47900,0,46860,8520,8520,29820,48.90,Volkswagen,Passat,1998,17,2015,1,3,0
108,31,IN,250/500,2000,1112.04,6000000,FEMALE,PhD,other-service,own-child,156,2002,Parked Car,,Minor Damage,None,SC,Arlington,5,1,NO,1,3,NO,52800,-54300,4290,780,780,2730,3.86,Volkswagen,Passat,1998,17,2015,1,1,0
421,57,IN,250/500,2000,1206.26,0,FEMALE,Associate,armed-forces,own-child,153,2002,Multi-vehicle Collision,Front Collision,Minor Damage,Police,NC,Arlington,22,3,YES,0,0,NO,69900,0,78500,15700,7850,54950,65.08,Audi,A3,2015,0,2015,1,1,0
266,42,IL,500/1000,1000,763.67,0,MALE,Associate,prof-specialty,own-child,199,1998,Single Vehicle Collision,Side Collision,Total Loss,Police,SC,Northbrook,12,1,YES,1,3,YES,12800,-49700,70830,7870,7870,55090,92.75,Jeep,Grand Cherokee,2005,10,2015,2,4,0
412,56,IL,250/500,500,1042.56,0,MALE,High School,handlers-cleaners,own-child,149,2002,Multi-vehicle Collision,Front Collision,Total Loss,Police,SC,Springfield,19,3,NO,0,2,NO,0,-66100,68040,15120,7560,45360,65.26,Suburu,Forrestor,1997,18,2015,1,4,0
31,32,IL,100/300,2000,1263.48,4000000,FEMALE,JD,other-service,wife,185,1999,Single Vehicle Collision,Side Collision,Major Damage,Fire,WV,Hillsdale,10,1,,2,0,,46800,-87300,63600,5300,10600,47700,50.34,Audi,A5,1997,18,2015,2,3,1
465,63,IL,250/500,500,1006.99,6000000,FEMALE,Masters,sales,own-child,37,2012,Single Vehicle Collision,Side Collision,Minor Damage,Other,WV,Columbus,7,1,NO,0,3,,0,0,43560,4840,4840,33880,43.26,Suburu,Legacy,2015,0,2015,2,1,0
126,31,OH,250/500,1000,1328.26,0,MALE,Masters,sales,not-in-family,221,1996,Single Vehicle Collision,Front Collision,Total Loss,Police,WV,Hillsdale,17,1,NO,1,1,NO,42300,-45800,60840,13520,6760,40560,45.80,Suburu,Forrestor,2011,4,2015,1,4,0
407,55,OH,100/300,1000,1250.08,5000000,FEMALE,PhD,tech-support,wife,227,1996,Multi-vehicle Collision,Side Collision,Total Loss,Police,WV,Arlington,0,3,,2,3,YES,0,-57700,68160,11360,11360,45440,54.52,Ford,Escape,2010,5,2015,2,4,0
101,27,IL,500/1000,500,982.70,6000000,FEMALE,College,transport-moving,unmarried,206,1997,Parked Car,,Minor Damage,None,SC,Arlington,9,1,NO,1,0,NO,30800,-43700,5170,940,470,3760,5.26,Toyota,Camry,2001,14,2015,1,1,0
187,37,IN,500/1000,1000,1412.06,5000000,FEMALE,Masters,protective-serv,not-in-family,17,2013,Single Vehicle Collision,Side Collision,Total Loss,Ambulance,NC,Riverwood,21,1,,0,3,,60100,0,57700,5770,5770,46160,40.86,Nissan,Maxima,2000,15,2015,1,4,0
252,46,IN,500/1000,2000,1066.70,0,FEMALE,JD,handlers-cleaners,own-child,218,1996,Multi-vehicle Collision,Front Collision,Total Loss,Other,VA,Northbend,22,3,NO,0,2,NO,0,0,89520,14920,14920,59680,83.92,Audi,A3,2014,1,2015,1,4,0
229,43,IN,250/500,2000,1585.54,0,MALE,High School,protective-serv,not-in-family,212,1997,Vehicle Theft,,Minor Damage,None,WV,Hillsdale,3,1,NO,1,0,YES,42600,-44400,4620,420,840,3360,2.91,Volkswagen,Jetta,2012,3,2015,2,1,0
246,39,IN,250/500,1000,1416.08,0,FEMALE,JD,craft-repair,other-relative,93,2007,Single Vehicle Collision,Rear Collision,Minor Damage,Ambulance,WV,Northbrook,16,1,YES,0,3,,0,-36600,45180,5020,5020,35140,31.90,Honda,CRV,2004,11,2015,1,1,0
190,38,OH,250/500,500,1246.03,0,MALE,JD,craft-repair,unmarried,88,2007,Single Vehicle Collision,Side Collision,Total Loss,Other,NY,Riverwood,14,1,YES,0,0,NO,61900,-50000,45100,9020,4510,31570,36.19,Nissan,Maxima,2013,2,2015,1,4,0
95,32,IN,500/1000,2000,1356.64,0,MALE,Masters,machine-op-inspct,not-in-family,218,1996,Multi-vehicle Collision,Side Collision,Total Loss,Police,SC,Springfield,21,3,YES,0,3,YES,67800,-48600,83160,15120,15120,52920,61.30,Toyota,Camry,2003,12,2015,2,4,0
205,42,IL,100/300,2000,1387.70,4000000,FEMALE,High School,priv-house-serv,other-relative,83,2008,Single Vehicle Collision,Rear Collision,Minor Damage,Police,WV,Columbus,19,1,NO,2,1,NO,0,0,86130,15660,15660,54810,62.07,Chevrolet,Silverado,1995,20,2015,1,1,0
41,25,OH,100/300,1000,1004.14,0,MALE,Masters,priv-house-serv,wife,139,2003,Multi-vehicle Collision,Front Collision,Major Damage,Fire,NC,Hillsdale,13,3,NO,1,3,NO,35400,0,48000,9600,4800,33600,47.80,Dodge,RAM,1995,20,2015,2,3,0
137,35,OH,500/1000,500,1107.07,0,FEMALE,High School,protective-serv,husband,285,1991,Vehicle Theft,,Minor Damage,Police,VA,Hillsdale,21,1,NO,0,0,YES,0,-45300,3300,600,600,2100,2.98,Saab,92x,2008,7,2015,2,1,0
194,34,IL,100/300,500,1429.96,0,FEMALE,JD,protective-serv,husband,283,1991,Multi-vehicle Collision,Rear Collision,Minor Damage,Ambulance,NY,Northbend,11,3,NO,1,2,YES,67800,0,57200,11440,5720,40040,40.00,Toyota,Camry,2005,10,2015,1,1,0
128,35,IN,250/500,1000,1074.99,0,FEMALE,Associate,adm-clerical,husband,165,2001,Vehicle Theft,,Trivial Damage,Police,VA,Columbus,16,1,,2,0,,0,-48800,7590,1380,690,5520,7.06,Accura,MDX,2012,3,2015,1,2,0
150,37,OH,500/1000,1000,1007.00,0,FEMALE,PhD,transport-moving,unmarried,10,2014,Single Vehicle Collision,Rear Collision,Total Loss,Police,VA,Arlington,9,1,NO,0,2,,30400,-89400,80080,12320,12320,55440,79.52,Chevrolet,Silverado,2013,2,2015,1,4,0
104,30,OH,100/300,500,1052.85,0,FEMALE,MD,protective-serv,other-relative,54,2010,Vehicle Theft,,Minor Damage,Police,WV,Riverwood,8,1,NO,0,0,YES,0,-70100,4800,960,480,3360,4.56,BMW,3 Series,2006,9,2015,2,1,0
163,37,IN,500/1000,1000,1200.33,4000000,FEMALE,High School,craft-repair,own-child,63,2009,Vehicle Theft,,Minor Damage,Police,WV,Springfield,7,1,,2,1,YES,0,-36400,3900,390,780,2730,3.25,Volkswagen,Jetta,2008,7,2015,2,1,1
80,26,IL,100/300,1000,1343.00,0,MALE,Masters,handlers-cleaners,other-relative,164,2001,Single Vehicle Collision,Front Collision,Minor Damage,Other,SC,Arlington,12,1,,0,0,NO,64600,0,90400,9040,9040,72320,67.31,BMW,3 Series,1995,20,2015,1,1,0
65,29,OH,250/500,2000,1441.60,5000000,FEMALE,MD,sales,own-child,127,2004,Multi-vehicle Collision,Rear Collision,Minor Damage,Other,NC,Columbus,21,3,YES,0,0,,0,0,62900,6290,12580,44030,43.63,Jeep,Grand Cherokee,1998,17,2015,1,1,0
179,32,OH,100/300,1000,1433.42,6000000,FEMALE,Associate,protective-serv,own-child,245,1994,Single Vehicle Collision,Rear Collision,Major Damage,Police,NC,Arlington,4,1,YES,1,2,NO,53800,0,54200,5420,10840,37940,37.81,Nissan,Ultima,2014,1,2015,1,3,1
372,50,OH,500/1000,2000,1368.57,0,FEMALE,MD,tech-support,other-relative,125,2004,Multi-vehicle Collision,Side Collision,Major Damage,Police,NY,Northbend,18,3,NO,2,2,YES,0,0,51800,5180,10360,36260,37.85,Accura,MDX,2003,12,2015,1,3,0
398,55,OH,250/500,500,862.19,0,MALE,High School,adm-clerical,unmarried,297,1990,Vehicle Theft,,Trivial Damage,Police,SC,Northbend,7,1,,2,3,,69400,0,6600,600,1200,4800,7.65,Accura,MDX,2012,3,2015,2,2,0
213,35,OH,250/500,500,871.46,0,MALE,MD,tech-support,husband,292,1990,Single Vehicle Collision,Side Collision,Total Loss,Fire,SC,Northbrook,13,1,YES,2,0,YES,58500,-77700,74140,13480,6740,53920,85.08,Ford,Escape,2007,8,2015,1,4,0
79,25,OH,500/1000,500,1863.04,0,FEMALE,Associate,priv-house-serv,not-in-family,171,2000,Single Vehicle Collision,Front Collision,Total Loss,Fire,VA,Northbend,0,1,NO,2,1,,53400,-35200,67800,13560,6780,47460,36.39,Mercedes,C300,1995,20,2015,2,4,0
232,44,OH,250/500,2000,1181.64,0,MALE,College,other-service,wife,244,1994,Single Vehicle Collision,Rear Collision,Major Damage,Fire,NY,Northbend,22,1,,1,1,YES,25800,0,55400,5540,11080,38780,46.88,Jeep,Grand Cherokee,2002,13,2015,2,3,1
230,37,IL,500/1000,1000,1060.74,0,MALE,PhD,tech-support,own-child,117,2005,Single Vehicle Collision,Rear Collision,Major Damage,Ambulance,SC,Columbus,15,1,YES,2,3,,0,-51500,49100,9820,4910,34370,46.29,Suburu,Impreza,1996,19,2015,1,3,1
234,41,IN,100/300,500,951.56,0,FEMALE,JD,transport-moving,wife,297,1990,Multi-vehicle Collision,Side Collision,Major Damage,Police,SC,Riverwood,3,3,NO,2,1,,59400,-78600,98280,15120,7560,75600,103.28,Chevrolet,Tahoe,2007,8,2015,2,3,1
240,40,IN,100/300,500,1533.71,9000000,FEMALE,JD,protective-serv,own-child,124,2004,Multi-vehicle Collision,Rear Collision,Total Loss,Fire,VA,Northbend,18,2,YES,0,2,,0,-70900,66550,6050,12100,48400,43.39,Ford,Escape,2008,7,2015,1,4,0
143,33,OH,500/1000,1000,1200.09,0,FEMALE,Associate,craft-repair,unmarried,254,1993,Multi-vehicle Collision,Side Collision,Major Damage,Fire,WV,Arlington,17,3,,2,2,,38400,-5700,70400,14080,7040,49280,58.66,Accura,RSX,2002,13,2015,1,3,0
266,42,IN,100/300,500,1093.83,4000000,MALE,Associate,adm-clerical,other-relative,143,2003,Multi-vehicle Collision,Side Collision,Major Damage,Ambulance,WV,Springfield,18,3,,1,1,NO,0,-49600,53280,4440,8880,39960,48.71,Suburu,Impreza,2015,0,2015,2,3,1
89,32,IN,250/500,1000,988.93,0,FEMALE,High School,craft-repair,unmarried,217,1996,Single Vehicle Collision,Front Collision,Total Loss,Other,NY,Columbus,11,1,,2,3,YES,27600,0,84590,15380,15380,53830,85.54,Dodge,Neon,1999,16,2015,1,4,0
229,37,IN,500/1000,1000,1331.94,0,FEMALE,Masters,farming-fishing,not-in-family,240,1995,Single Vehicle Collision,Rear Collision,Total Loss,Other,NY,Columbus,17,1,NO,0,2,YES,0,-55400,54560,9920,9920,34720,40.96,Saab,95,2004,11,2015,2,4,0
245,40,IL,500/1000,1000,1361.45,0,MALE,PhD,handlers-cleaners,unmarried,62,2009,Single Vehicle Collision,Rear Collision,Minor Damage,Ambulance,OH,Northbend,12,1,YES,0,2,YES,39300,0,82170,7470,7470,67230,60.35,Suburu,Forrestor,1999,16,2015,2,1,0
50,44,OH,250/500,2000,1188.51,0,MALE,College,handlers-cleaners,unmarried,171,2000,Multi-vehicle Collision,Front Collision,Total Loss,Police,NY,Northbend,15,3,,1,2,NO,0,-65800,61100,6110,12220,42770,51.41,Dodge,Neon,2008,7,2015,1,4,0
230,43,IN,500/1000,2000,1101.83,0,MALE,High School,exec-managerial,other-relative,95,2007,Multi-vehicle Collision,Front Collision,Minor Damage,Police,NY,Arlington,0,3,,0,3,YES,28900,0,51900,5190,10380,36330,47.10,BMW,M5,2011,4,2015,1,1,1
17,39,IL,250/500,1000,840.95,0,FEMALE,JD,adm-clerical,unmarried,100,2006,Parked Car,,Trivial Damage,Police,SC,Arlington,9,1,,2,1,,32500,-80800,3440,430,430,2580,4.09,Suburu,Legacy,2002,13,2015,2,2,0
163,36,IN,250/500,1000,1503.21,0,MALE,MD,other-service,husband,181,2000,Single Vehicle Collision,Side Collision,Total Loss,Ambulance,WV,Springfield,1,1,YES,2,1,NO,55700,-49900,51390,5710,11420,34260,34.19,Toyota,Corolla,2013,2,2015,2,4,0
29,32,OH,100/300,1000,1722.50,0,MALE,High School,other-service,wife,153,2002,Single Vehicle Collision,Side Collision,Major Damage,Other,WV,Columbus,22,1,,0,2,,0,-21500,76900,7690,7690,61520,44.64,Jeep,Wrangler,1995,20,2015,1,3,0
232,42,IN,100/300,500,944.03,0,MALE,College,handlers-cleaners,not-in-family,22,2013,Single Vehicle Collision,Rear Collision,Minor Damage,Other,WV,Riverwood,11,1,YES,2,3,,0,-58400,77000,15400,7700,53900,81.57,Toyota,Highlander,2015,0,2015,2,1,1
235,39,IL,500/1000,2000,1453.61,4000000,MALE,JD,craft-repair,other-relative,20,2013,Single Vehicle Collision,Side Collision,Major Damage,Other,NC,Hillsdale,10,1,,0,3,,0,0,60320,9280,9280,41760,41.50,Chevrolet,Tahoe,2012,3,2015,1,3,1
295,46,IN,100/300,500,1672.88,0,FEMALE,High School,armed-forces,wife,193,1999,Single Vehicle Collision,Rear Collision,Minor Damage,Fire,NY,Columbus,5,1,YES,1,1,NO,0,0,60700,12140,6070,42490,36.28,Honda,Civic,1997,18,2015,2,1,0
22,21,IN,250/500,1000,1248.05,0,FEMALE,High School,exec-managerial,husband,91,2007,Multi-vehicle Collision,Rear Collision,Total Loss,Police,SC,Arlington,3,3,YES,1,2,,37500,-54000,53280,5920,0,47360,42.69,Chevrolet,Malibu,2015,0,2015,2,4,0
286,43,IL,100/300,500,1564.43,3000000,FEMALE,MD,prof-specialty,unmarried,251,1994,Single Vehicle Collision,Rear Collision,Minor Damage,Fire,NY,Northbrook,18,1,,2,2,YES,77500,-32800,34290,3810,3810,26670,21.92,Jeep,Grand Cherokee,2013,2,2015,1,1,0
257,44,OH,100/300,1000,1280.88,0,MALE,MD,other-service,other-relative,103,2006,Single Vehicle Collision,Rear Collision,Total Loss,Other,WV,Riverwood,21,1,NO,0,1,NO,59400,-32200,46980,0,5220,41760,36.68,Accura,TL,2002,13,2015,2,4,0
94,26,IN,100/300,500,722.66,0,MALE,MD,exec-managerial,husband,87,2007,Multi-vehicle Collision,Front Collision,Major Damage,Fire,OH,Springfield,6,3,YES,1,2,YES,50300,0,36700,3670,7340,25690,50.78,Nissan,Pathfinder,2010,5,2015,1,3,0
124,28,OH,250/500,1000,1235.14,0,MALE,MD,exec-managerial,husband,158,2001,Multi-vehicle Collision,Side Collision,Total Loss,Other,OH,Hillsdale,20,3,,0,1,,0,-32100,60200,6020,6020,48160,48.74,Volkswagen,Passat,2012,3,2015,2,4,0
141,30,IN,500/1000,1000,1347.04,0,MALE,High School,sales,own-child,94,2007,Parked Car,,Minor Damage,None,SC,Northbend,6,1,,1,2,YES,0,-82100,6480,540,1080,4860,4.81,Honda,Civic,1996,19,2015,1,1,0
3,38,OH,500/1000,1000,1310.80,0,FEMALE,Masters,craft-repair,unmarried,283,1991,Single Vehicle Collision,Front Collision,Minor Damage,Fire,NC,Northbrook,20,1,YES,0,1,,0,0,87200,17440,8720,61040,66.52,Honda,Accord,2006,9,2015,2,1,0
285,41,IL,100/300,1000,1436.79,0,FEMALE,PhD,prof-specialty,wife,12,2014,Single Vehicle Collision,Rear Collision,Major Damage,Fire,SC,Northbend,23,1,YES,2,3,,70900,0,108480,18080,18080,72320,75.50,Volkswagen,Passat,2015,0,2015,1,3,0
130,34,OH,250/500,500,1383.49,3000000,FEMALE,Masters,armed-forces,other-relative,143,2003,Multi-vehicle Collision,Side Collision,Minor Damage,Police,NC,Arlington,4,3,,2,3,YES,35100,0,67500,7500,7500,52500,48.79,Suburu,Impreza,1996,19,2015,1,1,0
458,62,IL,500/1000,2000,1356.92,5000000,MALE,Associate,handlers-cleaners,wife,39,2011,Single Vehicle Collision,Rear Collision,Major Damage,Other,NY,Arlington,2,1,,0,1,YES,0,0,46980,5220,5220,36540,34.62,Audi,A5,1998,17,2015,2,3,0
456,60,OH,250/500,1000,766.19,0,FEMALE,Associate,sales,husband,219,1996,Parked Car,,Minor Damage,Police,WV,Columbus,6,1,,0,3,,0,0,5060,460,920,3680,6.60,Mercedes,E400,2007,8,2015,2,1,0
